#a,b
0.17112,0.40808
0.88551,0.79513
0.16285,-0.11668
2.53220,-0.12450
-0.01969,0.01928
-1.06154,0.06518
0.29356,0.38456
0.14958,0.05362
-0.15161,-0.14291
-0.08639,-0.24563
-0.03291,0.78284
0.75308,1.02936
0.19213,-0.62289
-0.17215,-0.86942
2.10220,-0.16720
0.08510,-0.13965
0.20537,-0.55836
0.08820,-0.66629
0.11394,-0.37612
0.20933,-0.24397
-0.86628,-1.06428
-0.24605,-0.90094
0.25196,0.01977
0.08139,0.70707
0.06534,-0.04231
-0.08039,-0.10374
-0.21184,0.10369
0.01337,-0.59386
-1.44339,0.79831
0.59231,-1.02501
1.23839,-0.94853
0.33368,-0.42985
0.89777,-0.51761
-0.00905,0.12622
-0.03283,0.01730
1.05025,-1.05717
1.71344,0.51125
-0.57505,-0.55421
0.06225,-0.04701
-0.68657,-0.02798
0.04052,-0.17209
0.09787,-0.00439
0.11865,-0.06347
-0.70460,1.38322
-0.34997,-0.13647
-0.30566,-0.09941
-0.01361,0.21363
-1.01401,0.45476
-0.01181,0.08697
-1.05340,0.15690
-0.01909,0.05220
0.47265,0.59083
-0.71344,-0.90270
-0.68981,-0.31754
0.71323,-0.71725
-0.34020,0.06682
-0.70336,0.32116
-2.32787,0.47024
1.08481,2.01071
-0.13089,-2.19430
0.06631,0.06371
-0.61926,0.79424
0.39863,0.28946
0.31501,-0.06533
0.47354,-0.08446
2.21107,-0.41021
-0.36769,-0.32175
-0.60591,0.13626
0.00020,0.04405
0.83028,0.74196
-0.27525,0.29436
0.25853,-0.04575
0.53498,-0.88960
0.10629,1.16556
-0.37109,0.41420
-0.04448,-0.00406
0.68720,0.29956
-0.32804,0.74915
1.20307,-0.17917
-0.26702,-0.11081
-0.01495,-0.31294
-0.92287,0.71219
-0.23137,-0.75840
-0.12587,-0.26721
0.02155,0.00511
0.24374,0.06082
-0.05154,-0.38915
0.00010,0.00960
-0.71862,0.38468
-0.16208,0.29881
0.69076,1.16052
0.95700,-0.60863
-0.88458,-1.15435
-0.77277,0.62503
0.67150,-0.04135
-0.30093,0.08379
-1.37887,0.10211
-0.46115,-0.05546
-0.45509,0.70104
-0.05655,0.05329
0.88531,-1.18311
-0.25092,-0.49982
0.51321,-0.54569
0.04258,0.10764
0.12896,0.29050
-0.67979,0.52579
-0.68922,0.45924
0.02012,-0.11130
-0.29744,0.07401
-0.11499,0.06564
-2.05358,-1.39226
-0.00145,-0.43204
-0.00818,0.01591
0.47788,-0.16582
0.73451,-0.03721
-0.27032,-0.17105
0.60473,-0.83556
-0.51280,0.44170
-0.05701,0.02516
0.55528,0.26979
-0.14936,-0.13996
0.14139,-0.17223
-1.00783,-0.37587
-1.04045,0.60651
0.08549,-0.22767
-0.24234,0.08486
-0.01310,-0.00440
-0.04960,0.13858
0.21511,-0.02384
0.10732,0.07890
-0.27139,0.05409
-0.63340,0.06622
-1.06595,-0.58956
-0.75548,0.36686
0.27385,-0.49670
0.36259,-0.29844
0.13571,-0.06783
-0.26801,-0.45931
0.40573,-0.97946
0.06708,-0.29363
-0.55881,0.17452
-0.33639,-0.09912
1.56084,-0.30692
0.02733,0.07125
0.77051,0.93264
-0.83106,-1.49852
-0.10359,0.28391
0.31930,0.61285
-0.21173,-0.28444
-0.86847,-1.50617
-0.88680,-0.02733
-0.26611,0.08003
0.00686,0.13842
0.67344,0.37579
-0.26656,0.17750
0.19167,-0.38593
-1.12006,1.87207
-0.14198,1.90211
-0.12167,0.67350
-0.19190,-0.31851
-0.57922,-0.20678
-0.69457,-0.71293
-0.46392,-0.34089
0.11660,0.15031
0.17461,1.29706
-0.78396,-0.71979
1.18585,0.09489
-0.19512,2.07651
1.20689,-1.38597
-0.89702,-0.61787
-0.37520,-0.28217
-0.40087,-0.77216
1.60699,-0.66515
0.18835,0.10873
-0.04277,0.24952
-2.14440,0.63000
-0.38557,-0.36390
-0.26106,-0.23186
0.12219,-0.06510
-0.19390,-0.10011
0.15636,0.15952
-0.06988,-0.40016
-0.03123,-0.00809
-0.88627,-0.26429
0.25066,-0.86505
-0.20443,-0.19807
-0.07422,0.21868
0.14668,-0.34886
0.35223,0.44308
1.72067,-0.76955
-0.31394,0.46120
-0.69850,1.77910
-0.27987,0.21087
0.89712,-0.34621
-1.07185,-0.33567
-0.23223,-2.57778
-1.15058,-0.64627
-1.59177,1.86205
0.58978,0.06348
-0.27317,0.76601
0.01982,-0.02930
0.08883,-0.20876
0.18994,-0.29985
0.70072,-0.05125
-0.38063,-0.06959
-0.27065,-2.16098
-0.33808,0.19045
-0.17070,0.08680
0.71461,0.86649
0.57857,0.05794
-0.01118,1.31804
0.24350,-0.23580
1.08133,-0.63762
0.19845,-2.34646
1.32154,0.77919
-0.05125,-0.37393
1.12710,-0.78274
-0.88725,-0.07866
0.40451,-0.38252
-0.21436,-0.19767
0.31598,0.21086
-0.01742,1.35827
-0.54484,-1.19343
0.12515,-0.04471
0.00198,-0.03940
0.91931,0.24056
-1.07554,-0.31909
0.16434,-0.52025
-0.48989,-1.01044
1.51975,0.51502
-0.41589,-0.49288
-0.36953,-0.40231
1.17660,0.48903
-0.34160,0.05897
0.11779,-0.12187
-1.00089,0.48410
0.71512,0.30168
-0.29487,-0.06441
-0.16791,0.39783
-0.01876,-0.13940
0.11609,0.00909
-0.63646,-0.32947
-0.81811,0.74686
-0.01410,0.03776
-0.48413,-0.62312
1.21514,0.19825
-0.02057,0.01403
-0.81800,-0.03228
0.03367,-0.13522
0.41705,0.20313
-0.72588,1.05530
-0.24589,-0.79627
-0.20181,-0.02955
-0.52458,-0.10121
-1.03783,-0.55680
-0.30492,0.85093
0.13460,0.06793
0.19896,0.05062
-0.50832,-0.03482
-0.07384,0.61717
-0.62729,-0.26678
-0.12156,1.90576
-0.36072,0.03880
-0.10383,-0.22643
0.30933,0.37119
0.11459,0.50962
0.56825,-2.22295
0.29071,0.20766
0.17519,-0.42718
0.17226,-0.04427
0.11980,-0.43440
0.84111,0.47550
0.03044,-0.00633
-0.53879,1.10716
-0.09597,0.07116
0.63930,0.06668
0.57164,-0.62934
1.11200,0.78422
-0.34914,-0.46925
-0.16351,-0.45668
0.51040,-0.77188
-0.04343,-0.03587
-0.28255,2.20089
-1.08815,-2.34567
0.61568,0.36349
-0.26707,-0.65062
1.58166,1.90486
0.91915,0.33042
-0.17871,-0.15706
0.09415,-0.07603
0.78455,1.11437
0.89244,0.72120
1.83750,-0.08242
1.27338,-0.42733
0.52690,0.69789
0.61382,0.19297
0.73300,-0.22781
-0.30177,-0.44381
-0.75148,0.33881
0.79630,0.37647
-0.70689,-0.05954
-0.90995,-0.99983
-0.01515,0.71635
0.31033,0.47613
1.43966,0.76099
0.41525,-0.03361
0.29305,-0.09201
0.30242,-0.34586
1.34008,-1.89663
-0.06776,-0.66223
-1.10742,-0.51733
0.33082,-0.55407
-0.34778,0.68738
0.18559,1.37229
1.58229,1.20342
-0.26254,-0.99146
0.31650,-1.25241
-1.29936,-0.08413
-0.93681,1.72910
-0.07813,-0.62785
-0.28456,0.50609
1.49512,0.59348
0.02636,0.21252
-0.14645,-0.11701
0.02566,0.05163
0.37790,1.18429
0.61909,0.07814
-1.18002,1.23049
-0.38255,-0.68624
-1.26325,0.51047
-0.23879,-0.37080
0.46767,0.72740
0.72572,-0.56960
-0.07004,-0.09212
0.55124,0.84412
0.29102,-0.01581
-0.35022,-0.13420
-1.80334,1.02280
0.16977,0.98317
0.16285,0.19486
0.28019,1.68127
0.75597,-1.31317
-0.98815,-0.15335
-2.12724,-1.49350
0.99097,-0.13042
-0.72096,0.08130
-0.24234,-1.68942
0.35535,2.05896
0.18869,-0.03397
0.14922,-0.20740
0.42739,-0.08493
0.34129,0.18524
-0.01901,-0.10969
-0.39540,-0.16293
-0.66237,-0.86110
0.64995,-1.23669
0.52004,0.28852
0.26325,0.21889
0.04704,0.25264
0.12122,0.37356
-0.06654,0.52901
0.12115,-0.22342
0.00922,0.39429
0.10039,-1.27083
-0.00121,0.06946
-0.32896,-0.34909
0.17387,-0.59752
-1.74653,0.00640
-0.00550,-0.41796
0.89782,-1.97797
-0.96891,2.54303
0.88049,-0.21530
0.69988,-0.28298
-0.03377,-0.48918
0.78437,0.69061
-0.01167,0.24846
0.33856,0.06906
1.36708,-1.15621
0.68029,-0.87468
-0.18780,-1.22270
-0.36056,-1.06268
0.59509,-0.07232
0.03623,-0.34263
0.38094,0.40436
0.04662,0.04235
-0.17981,-0.01972
1.73345,-0.75816
0.09320,0.09580
-0.14968,0.21463
-0.44641,0.62986
-0.49664,0.31040
0.07531,0.04942
-0.37071,0.12741
0.42891,-0.71258
0.50045,0.23621
0.26221,0.00292
0.12357,-0.82639
0.36988,0.20854
0.46762,0.95112
-0.08110,0.08781
-1.02130,0.29677
-0.54510,0.29043
-0.46298,0.73850
-1.37508,-0.13635
0.14616,0.51488
0.25507,-0.13075
0.15183,-1.44852
1.44933,1.63513
-0.83425,-0.10502
-0.01477,-0.46135
0.01733,-0.25334
-1.18030,-0.43610
0.81590,1.09485
0.10681,-0.22509
-0.36534,0.11905
-0.75948,0.55410
0.51972,-0.40543
-0.28261,0.32168
0.52657,0.85561
1.07400,-0.20027
1.57680,-1.06612
0.55411,0.57718
-0.35764,-0.22858
0.86922,0.64679
-0.34625,0.15538
-0.29157,-0.04774
0.40142,1.25119
-0.07468,-0.44712
-1.14807,-0.47779
-1.05354,0.35164
0.25896,-0.21463
0.06689,-0.24429
0.32378,0.89061
0.16916,0.25643
1.04895,0.26358
0.39020,0.36623
-0.42661,0.91242
-0.89532,-1.08607
-0.09394,0.52371
-1.14923,-1.01062
0.07601,-0.05821
-0.11322,-1.97849
-0.43276,-1.25566
1.56892,-0.94595
0.40496,1.10200
0.03322,0.02248
-1.11319,0.23700
1.88824,0.85369
0.86469,-0.07605
-0.13358,-1.03430
-0.19415,0.59026
0.13881,-0.06645
0.67679,0.86663
-0.50414,0.08897
0.65459,0.08354
-0.17254,0.06913
0.33055,1.88766
0.43271,0.65949
0.31406,-0.19044
0.52090,-0.59455
0.00577,-0.02492
-0.64190,0.17024
-0.25967,0.62016
0.57862,-1.01308
-0.01191,-0.01805
-0.34197,-1.19817
0.57242,0.52508
-0.17595,2.12074
0.09776,0.02000
0.23413,0.38437
0.75613,-0.06828
-0.00252,0.00828
0.90432,-0.07505
0.31731,0.98959
0.66442,0.09021
-0.36456,-0.48467
0.58187,-0.41685
0.06794,0.07797
-0.57781,-0.27021
-0.15084,-0.04624
0.71961,0.80476
-0.03203,-0.06055
0.90670,1.30505
0.54019,-0.53274
0.61220,1.69866
-2.46845,-1.53616
1.13416,-2.48484
-0.05613,-0.06975
0.08800,-0.02387
-1.88942,1.91658
0.11237,-0.21072
-0.46473,-1.55455
0.21007,0.99818
0.06614,-0.07683
-0.25173,1.13508
0.06560,0.04643
1.73485,-0.87316
-0.34998,0.11242
0.52502,-1.35507
0.25383,0.35761
0.24669,0.48691
-1.09205,0.47676
-1.08970,0.39578
0.33571,-0.95353
-0.11331,-0.14120
-0.57407,-0.75142
0.97893,-0.85853
-0.45835,-0.33530
0.16152,-1.54255
0.84675,1.03293
0.15866,0.27992
0.34274,0.02027
-0.28165,1.16303
-0.02076,0.05781
-0.10561,-0.04708
-0.47324,0.73316
-0.26019,-0.46045
-1.48758,-1.58425
0.02530,-0.09882
0.59190,-0.61181
0.01045,0.00074
-2.23622,2.25919
0.76214,-0.57303
-0.08066,0.18225
-1.88182,0.72069
-0.00032,-0.09907
-0.43797,0.32072
0.73892,2.76286
-0.28061,0.12163
-0.00220,-0.00029
-0.43739,-0.75280
-0.23294,-0.54878
0.09401,0.27631
-1.07908,-0.03447
0.08242,-0.34105
0.79157,-0.72391
-0.29847,-0.28137
0.60348,-0.63358
-1.35166,1.96433
-0.35262,0.86826
0.61760,1.62762
0.44417,0.52068
0.01461,-0.46485
0.31937,0.18936
0.54933,-1.30685
0.20700,0.01174
-0.13235,-0.07779
-0.76845,-0.53734
0.62229,0.53179
-1.31409,-0.73962
-2.40559,0.60634
0.24146,-0.92888
-1.74438,0.13277
0.79606,-1.04099
-0.09084,-0.07920
-0.29154,-0.01590
0.25555,-0.20699
-0.39233,0.15394
-0.02650,-0.56470
-0.20429,-0.65481
1.17555,-0.43342
-0.49359,-1.31774
-0.28972,-0.09904
0.27396,0.96974
0.86951,-0.70558
0.13353,-0.05474
-0.48287,-0.63140
-0.48165,-1.13665
-0.11833,-0.11186
0.76778,0.37363
1.79971,0.77931
-0.09969,0.15284
0.74470,-0.74468
-0.42174,0.81810
-0.10861,0.38927
2.06491,0.99833
-0.57601,0.19762
-1.41434,0.15373
-0.21917,-1.36591
-0.17366,-0.26863
0.20374,0.32523
0.14387,0.00532
-0.18869,-0.34026
1.87074,-0.53428
-0.40346,-0.43075
-0.23034,-0.07090
0.77775,0.18471
0.44525,0.33486
-1.10322,-0.03421
-0.04556,-0.02045
0.04599,0.45650
-0.34401,-1.16610
-0.03621,0.24437
0.45636,-1.33889
-0.22431,0.09330
0.93103,-0.40842
-0.21847,0.17562
-0.03812,0.01629
0.61896,0.09258
-0.01257,0.01298
-0.42368,-0.30468
-0.02385,-0.08791
-1.44408,0.20755
-1.21080,0.10762
0.96937,-0.01542
1.54315,-0.81380
0.09868,-0.05551
0.41801,-0.00726
0.00365,0.23079
1.03931,-0.24722
0.12546,0.37997
0.10570,0.00537
0.68700,-0.16733
-0.33594,-0.30528
1.19812,0.18632
-0.58910,0.75756
0.15641,0.45695
-0.66547,0.03451
0.65289,0.14598
0.51207,-1.18271
0.72330,0.40476
0.04933,0.40965
-0.13458,0.45396
-1.32261,-1.51030
1.40797,3.08618
0.17149,0.64415
1.35590,-1.12886
1.45699,-0.73746
0.04474,0.01746
0.19938,0.38941
-0.27314,-0.23413
-1.56332,-0.83742
-0.11210,0.10620
-0.14395,0.84881
-0.78895,-0.69094
-0.07094,0.07839
-1.47833,-0.34681
-0.02017,-0.05843
-0.72235,1.06022
0.17690,-0.35548
0.02378,0.00982
-0.04883,1.15202
0.32723,0.03696
-0.28049,0.39251
-1.09915,0.71336
0.25698,0.09090
-0.45683,-0.54593
-0.11544,0.02493
-0.69997,0.42526
-0.87054,-0.27985
0.19302,0.04954
0.89656,0.00074
0.33233,-0.18459
0.26964,-0.23455
-1.88580,-1.16201
0.23102,0.05812
-1.36710,0.07631
-0.15470,0.33151
1.92128,0.74746
0.13217,0.00932
-1.52739,0.03410
-0.06662,-0.00485
-0.01329,-0.05751
0.35332,-0.85588
0.00360,0.00476
0.21748,-0.14869
-0.64689,0.94390
-1.48199,-1.27466
-0.68426,0.84363
0.10368,0.18323
-1.09393,0.24773
-0.14460,-0.09200
0.01330,-0.00691
-0.29253,0.79724
-0.05732,-0.25258
0.77012,0.95950
-0.92306,0.25760
0.41745,1.39897
-1.28738,-1.01510
-0.23232,0.09961
0.07703,0.30402
0.56231,-0.49116
-0.56036,0.10968
-0.11166,0.06095
0.15649,0.10041
-0.71749,-0.68401
-0.56856,-0.18163
-0.08879,0.20906
-0.22122,-0.41497
0.64730,-0.21612
1.37947,-1.52541
0.43122,1.85332
0.05374,-0.12067
0.02600,-0.37552
-0.74123,1.07234
0.22116,0.25694
-0.01454,0.01700
-1.24691,0.14162
0.03240,-0.03791
-0.44803,0.37139
-1.09531,0.15628
1.32838,0.28100
-0.85540,-0.25711
0.22790,0.27347
0.05889,-1.96888
-0.76608,-1.17280
-0.27703,0.18421
-0.89068,-0.47188
-1.41545,-0.15682
-0.41869,1.03363
-0.40767,-1.30358
0.14368,1.18887
-0.21156,-0.21666
0.06522,-0.00922
-0.02252,1.38219
-1.75089,1.41399
0.93330,0.42526
-0.31373,-1.09822
0.57694,0.56447
0.91446,-0.04741
-0.50368,0.89472
1.27013,-0.42254
0.18652,0.41837
0.07177,-0.01682
0.35098,0.64572
0.11954,-0.06752
-0.09019,0.58088
0.51603,-1.03622
-0.92479,0.09713
0.18469,-0.20141
-0.33978,0.91304
-1.74807,1.55570
0.16740,-0.58785
-0.12797,0.04280
0.25582,-0.27220
0.96412,0.59860
0.81225,-0.39281
2.12533,-0.20371
0.47583,0.55723
-0.92213,-0.07433
-1.34983,0.11118
-0.44904,-0.13619
-0.11546,-0.06362
-1.05228,0.27596
-0.34635,-0.36851
-0.19189,-0.28598
0.11803,-0.18978
1.07003,-0.67640
0.41236,0.10449
-0.15859,0.15802
-0.08830,-0.00386
0.48770,0.11575
-0.58161,-0.68057
1.21918,0.65371
-0.21637,-0.20966
-0.90415,0.21340
-0.10308,0.69039
-0.89651,-1.19128
0.04471,-0.08215
-0.25294,1.15356
-0.44246,-0.68022
-0.00794,-0.55442
-0.05663,-0.75259
0.07609,-0.08738
0.26524,0.35106
-0.04324,0.00194
0.03138,0.06650
0.03869,0.04602
-0.29997,-0.52970
-0.69736,0.17728
-1.40744,0.04298
0.11779,-0.01845
0.44823,-0.24670
0.83092,0.50216
0.44586,-0.07487
1.48466,0.50288
-0.12723,0.58841
-2.16368,0.61151
-0.53405,-0.35576
-1.00491,-0.49546
-1.60818,-0.56365
1.78409,0.66894
0.39416,0.09591
-0.84637,0.82712
1.90939,0.13720
0.06692,0.34554
0.07431,0.04995
0.22189,0.62501
0.06616,0.22698
-0.70993,0.08846
-0.59763,-0.73684
0.20756,0.01044
-0.03331,-0.03160
0.05784,1.03982
1.10216,-0.47753
-0.42487,-1.02008
-0.69917,-0.33897
0.15923,-0.07123
0.01655,-0.47588
0.03079,-0.23058
0.21917,0.12216
0.03848,0.00959
-0.65682,-0.50759
-0.35937,0.22134
0.08898,-0.18927
0.19076,0.29923
-0.59359,-0.05784
0.36892,-0.46795
-0.55214,-0.29507
-0.12797,0.46944
-0.20774,0.01443
-0.62014,1.15685
2.12657,-0.16296
0.04697,-0.26052
1.13604,-0.79982
1.67214,0.27182
-2.14020,-0.11754
3.06116,0.21444
0.02314,0.02164
0.09809,-0.04620
0.09343,-0.04400
-0.95014,-1.12752
-1.46979,0.28355
0.33885,0.47399
0.12566,0.04501
1.21034,-1.49638
0.55649,-0.31777
-0.33896,0.01570
0.23980,-0.43914
-0.55763,0.25973
0.90680,-0.17001
0.03183,-0.24839
-0.41740,-1.15946
0.48180,0.50035
2.56317,0.62892
0.00425,-0.41602
0.23910,0.19460
0.39114,-0.65535
-0.00364,-0.00264
1.32262,-0.44803
-0.09824,0.09101
1.23940,-0.59734
0.67661,1.07502
0.73152,0.39021
-0.17969,0.25823
-0.01974,0.28377
-1.58980,-0.49132
-1.31609,-0.44193
-0.21447,0.06467
0.44721,0.69607
0.64409,-0.04634
0.17909,0.17399
0.04070,0.04550
-0.54494,-0.04022
-1.21290,0.66636
0.34730,-0.91992
0.29803,-0.10904
0.09535,0.35348
0.14237,0.23338
0.23623,-0.00893
0.21371,-0.05854
-0.91393,-0.22979
-1.63117,0.78982
0.52349,-0.90484
-0.74602,-1.58594
-0.93044,1.22624
-0.22171,-0.29304
-1.68766,1.82871
0.17155,0.07715
0.15544,-0.10503
-0.08201,0.04460
-0.18786,0.34118
0.20646,-0.25522
-0.00433,0.00398
0.47083,0.54122
-0.28288,-0.54447
0.43977,-0.56307
0.17138,0.28885
0.75422,0.61844
0.10351,-0.03542
-0.07814,0.05964
0.26100,-0.03801
-1.23485,-0.62414
0.61660,-0.18229
-0.05098,0.18145
0.48416,-1.12555
-0.02311,0.43538
0.23427,-1.66893
0.38669,0.74179
0.24848,0.07956
-0.13193,-0.36472
0.27726,0.37856
-0.29456,0.15074
0.37758,0.07749
-0.71348,-0.39132
1.24455,0.61071
-0.58945,2.15413
0.18426,0.24878
1.66964,1.40744
-1.26465,1.19794
0.01031,0.00678
-0.09296,0.02297
0.74685,0.52650
0.31271,-0.11774
3.12661,-0.00659
0.54138,0.05381
-0.89765,-1.57616
-0.15898,-0.13053
0.76677,0.72202
0.61454,-0.20311
0.31997,1.88932
-0.11956,-0.60934
-0.62260,0.44011
0.35429,-1.70161
-0.83791,-0.91919
-0.73221,-0.21048
0.07027,-1.77798
-0.20609,0.20262
0.54110,-0.08909
-0.11401,0.10619
0.04709,-0.63437
-2.23468,0.71539
0.04864,0.09435
-0.44067,0.16655
0.00461,0.02400
1.06870,-0.60846
-1.01885,0.25122
1.08985,-0.61152
-0.33228,1.40028
-0.06201,0.07287
-0.46020,-0.46188
-0.19226,-0.18404
-0.36279,0.21479
-0.03381,-0.16268
0.11554,-0.91349
-0.31996,-0.25691
-0.25769,0.35030
-0.31430,0.05545
-0.06446,-0.35701
-0.83586,-1.65947
-2.05536,0.89840
0.92216,0.45406
-1.20920,0.36466
-1.01967,0.16895
-0.00667,0.01521
0.27551,0.23915
-0.03684,0.10093
0.00790,-0.14558
1.10404,-0.17918
0.13932,-0.40763
0.35868,0.67915
-0.01099,0.02075
-0.02739,1.43951
0.42867,0.20578
-2.02619,-2.01735
-0.04035,-0.00859
0.19046,-0.82763
0.30116,-0.50057
1.11297,0.54749
-0.14282,0.06188
-0.00938,-0.01998
0.88716,-0.73050
-0.32969,0.07423
-0.02863,0.22891
0.29795,0.06673
-0.13563,0.34722
1.64021,-0.61372
0.30423,-0.12003
0.61698,0.38113
0.03351,-0.03856
0.17798,-0.10453
-2.12215,-1.85177
0.61409,-0.57173
-0.52532,0.05560
0.73241,-1.41374
-0.20542,0.50998
-0.66215,-0.44073
1.69920,-0.98582
0.03969,0.10825
-0.24888,0.03862
-0.15685,0.53478
-1.08949,0.60975
0.31556,-0.21413
0.72427,-0.06167
-1.56162,-0.81804
-0.11308,0.01000
-0.33488,-0.74100
0.20667,0.25361
0.43664,-0.26619
0.06541,1.55897
-0.17156,-0.57873
0.16108,-0.54021
0.52526,0.26651
0.42712,0.14806
-0.06848,-0.89114
0.56323,-0.92084
-0.31148,0.68931
-0.75984,-0.24889
-0.02289,-0.00281
-0.81551,1.22251
-0.84179,1.45796
1.15933,-0.48321
1.02112,-0.91676
-0.53183,-0.36384
0.15702,0.00377
-0.67257,-0.98607
-0.13131,0.01021
2.45680,-0.13323
0.32200,-0.11307
-0.09354,1.98113
0.84718,0.11564
0.12716,-0.15327
-0.30708,-1.23228
-1.73223,0.22140
0.56060,0.38177
-0.02358,0.67662
0.58997,1.69573
-0.02786,0.00239
0.08598,0.29703
1.45021,-1.23944
-0.22519,0.40083
0.00118,-0.00951
-0.64479,0.49513
-1.39405,1.24498
-0.58361,0.79144
0.02433,-0.27360
1.20212,-0.09894
1.80540,-1.03590
-0.22845,-0.18569
-0.06496,-0.09969
-0.54871,1.46398
0.24572,0.00153
-0.89051,0.05346
0.02251,-0.05493
-0.71861,-1.44367
0.81555,0.05770
-0.07906,-1.50264
-1.09930,0.29473
-0.46686,-1.20920
-1.14051,0.21788
-1.19110,-1.72338
0.02371,-0.26059
0.14178,-0.29841
-0.49906,-0.64702
0.42581,0.30535
0.37337,0.34481
-1.27691,-0.90773
0.01063,-0.00865
0.55147,0.86850
-1.01146,0.60953
-0.62369,0.26040
-0.16678,2.54586
-0.25344,-0.06382
-0.28666,0.09610
0.53938,0.65952
0.56094,1.66545
0.80876,-1.02544
-0.07751,0.20005
-0.22298,-0.56802
-0.32686,0.07387
0.26725,0.60153
-0.24350,0.27254
0.98631,-0.86884
-0.33032,-0.21120
1.51491,0.87843
-0.39160,0.50480
0.40675,0.23938
0.59547,0.41236
-0.03716,0.02761
0.62570,0.05921
-0.35516,0.46995
-0.34519,-0.01695
0.52145,0.74789
0.01304,0.01847
-0.01595,-0.00404
1.25216,0.87888
-0.40789,-0.08550
-0.17091,0.14498
1.44029,0.07901
1.89185,-0.15934
-0.08336,1.31248
0.40376,1.14190
0.47492,-1.04357
0.14724,0.12622
-0.42977,-0.12137
0.07447,-0.06118
0.71595,1.08363
-1.66716,0.70517
0.66310,-0.17323
0.55427,1.02630
-0.73025,0.66655
0.01588,-0.74786
0.35168,0.58172
0.65543,0.22104
0.02932,-0.20082
0.40678,-0.15724
-0.80015,-0.77903
0.90043,-0.70799
-0.03017,-0.04083
-0.45744,1.76507
-0.01694,0.02165
0.22911,-0.63221
-0.00903,-0.05944
-0.07886,-0.08684
0.62202,-0.07565
-0.58719,0.70043
-1.83960,0.52604
-0.18826,0.06854
-1.34674,0.04448
0.60230,-0.25506
0.63025,0.71966
0.27952,0.29531
-0.72730,-0.03160
-0.22648,-0.05772
0.17439,0.02705
0.13603,-0.62644
-0.17161,0.35687
-0.25026,-0.95661
1.15335,0.42257
-0.35890,-0.67767
-0.33724,-0.08166
0.06885,-0.29095
0.05931,0.00205
1.35041,0.67215
0.04793,0.11280
-0.03372,-0.01899
-1.42085,-2.04718
0.00330,1.05432
0.88973,-0.20225
-0.14289,-0.72480
-1.09844,1.11210
-0.56104,0.20825
-0.56295,-1.49502
-1.23775,0.71155
-0.81794,0.67772
-0.00988,0.00188
-1.35028,0.34536
-0.14392,-0.10974
0.00113,0.16503
1.53030,0.04702
0.04572,-0.06963
-0.48161,0.02061
0.00523,-0.01506
-0.03757,0.06374
-0.88637,-0.11038
-0.66531,2.20797
0.21247,0.36941
-0.22229,-0.14316
-0.34316,0.66479
-0.30676,-0.11725
0.58271,0.89156
0.47313,0.61597
0.61438,-1.01138
-0.31372,-0.02404
-0.07946,0.50025
0.32833,0.32910
0.35207,-1.09084
-1.43755,-0.36054
-0.01632,-0.00479
-0.33431,-0.24037
-0.19681,0.32212
0.42933,1.28891
0.72930,0.10487
0.00880,-0.02536
0.88998,-0.09484
1.65133,-0.22965
-2.04546,0.32205
0.07460,1.26183
-0.29754,0.21842
0.30686,1.07612
-0.63461,-0.63848
0.19954,0.38676
0.10283,-0.46385
-0.50890,0.20568
-0.47752,-0.85740
-0.18509,-0.16672
1.90624,-1.01378
0.45280,0.22689
-0.76563,-0.06356
0.88922,-0.41040
-0.31151,0.19293
0.00503,-0.04629
-2.12215,-0.01245
1.42300,0.61296
-0.31594,1.51445
0.00624,-0.01421
0.82122,0.22257
0.35485,0.59429
1.12915,1.37737
0.47743,-0.02072
-1.12307,-0.74987
0.05026,0.04102
0.33820,-0.09401
-0.20028,-1.16989
-0.02809,0.21849
-0.40854,-0.31270
0.58277,-0.66110
-0.40249,-1.26676
-0.38341,0.10234
-0.25996,-1.47806
0.64995,-0.12730
0.16138,-0.06741
-2.40418,1.09295
-0.15718,0.00492
0.15303,0.57136
-0.22214,0.39853
-0.63971,-0.35319
0.05702,-0.51686
1.52729,2.12363
0.56698,0.22881
-0.32872,-0.11605
-0.59471,-2.00790
-0.27964,-1.21089
-0.07486,-0.07746
-0.42822,0.43296
-0.42056,-1.19833
0.35806,-0.24301
0.30792,0.08613
-0.52182,0.04842
0.08646,0.64174
-0.07154,-0.10388
0.30666,-0.27796
-0.02012,0.40741
0.34947,0.19030
0.27542,-1.13902
0.00157,0.00409
-0.24616,0.07697
0.13065,-0.06842
0.11146,-1.16138
-0.64762,0.94551
-0.15561,-1.72721
0.04935,-0.13750
0.03615,-0.01524
-0.03007,-0.09515
-0.06855,0.59334
-0.01457,-0.60545
0.15184,-0.57150
1.04049,0.02990
0.07674,-0.01743
-0.11763,-0.91765
0.84737,0.60943
0.53102,-0.58734
0.25976,0.24281
0.00350,0.11651
-0.44529,-0.65478
-1.81358,-0.53189
-0.29268,-0.01661
-0.78652,0.70549
0.00830,0.14136
-0.61857,0.09527
0.88248,-0.72491
-0.68078,-0.02507
0.20778,0.43457
-0.30087,-0.05897
1.49662,-0.99720
-0.99094,0.70466
0.79080,0.80138
-0.20510,0.13320
-0.13607,0.69501
-0.12119,-0.60877
0.06132,0.00628
0.15716,0.85689
1.36316,0.02979
0.09727,-0.57381
-0.07193,-0.19596
-1.63835,0.32800
1.14451,0.07119
-0.09931,-0.01627
0.55053,-0.89578
0.02951,0.01402
-0.91668,-0.69874
-1.05754,1.11087
-0.86435,0.64303
-0.12554,0.04879
0.10839,0.24083
0.40580,0.12615
0.92692,-0.24736
0.01250,0.14104
0.04107,-0.00708
0.33078,0.21425
0.29926,0.21701
-0.80087,2.31326
-0.48607,0.47927
-0.54748,0.90974
0.98930,-0.00463
0.00285,0.00886
-0.89997,-0.99404
0.58266,-0.32495
-0.40440,-0.60710
-0.52836,1.03180
0.20646,-0.02652
0.38960,0.63853
1.32970,1.22187
0.25721,0.37510
-0.14080,-0.39342
-0.45508,-1.06736
1.58320,-0.02355
-0.12010,-0.91951
-0.71737,2.42257
0.07064,-0.14507
0.48028,-0.28284
-0.33361,0.04735
0.49467,-0.57219
-0.29684,-0.69572
-0.24275,0.46467
1.50689,-0.87915
-2.25994,0.77073
0.60821,-1.32644
0.24790,1.10252
0.05048,-0.01424
-0.98210,-1.02608
-0.00077,-0.00086
0.08493,-0.36085
0.15183,-0.12843
-0.02507,0.09933
0.12461,-0.11793
-0.09530,-0.02618
-1.72216,-1.63996
-0.16941,-0.10646
-0.42049,1.31214
0.38724,0.29843
-1.02032,-0.58740
-0.97579,-0.47340
-0.13368,0.38684
-0.29009,-0.41265
0.04555,-0.30555
-0.32240,-0.10137
-0.23986,-0.05087
0.38246,-0.72934
0.30046,0.14314
-0.12048,0.76599
0.30002,0.26859
0.40408,0.22383
1.29433,0.39272
-1.34900,-0.08547
1.00063,-0.67084
-0.05375,0.29703
-1.55492,0.02928
0.55466,0.13850
0.02224,0.20188
0.19525,1.18092
0.01256,0.00728
0.51004,-0.32289
0.43322,0.57090
-0.10466,-0.07220
-0.84823,0.41899
-0.50405,-0.71556
0.33847,-0.57564
0.17093,0.06702
0.13670,0.18426
-0.54143,-0.41196
-0.02574,-0.01745
-2.11404,-1.53836
-0.92068,0.21251
0.04203,0.01345
0.81088,0.05515
-0.60091,0.54651
0.17600,0.10301
1.10536,-0.59667
-0.10131,-0.15376
0.09004,0.62404
-0.23121,-0.36584
-0.48943,-1.70147
0.08505,-0.62521
0.06091,0.29986
0.40839,-2.38156
0.55409,0.26998
0.11674,-0.35248
-0.43639,-1.07868
0.14420,0.32806
-0.34603,1.67313
-0.26211,0.00998
-0.41712,0.14693
0.34807,-0.04005
-0.38461,0.02339
-0.14996,-0.25149
-0.51702,0.19337
0.21339,1.47007
-0.53449,1.53355
-0.36988,1.36841
0.40907,0.05336
-0.01726,-0.05004
-0.39801,0.39607
-0.02045,-0.48483
-0.33043,-0.45058
0.90666,1.22780
-1.06080,-1.15932
-0.57735,0.35963
0.13752,-0.18161
-0.68967,0.25402
0.12084,0.14545
0.33710,-0.23001
0.10041,0.04600
0.44863,-0.41511
-0.35309,-0.48899
-1.10269,-1.33253
-0.57351,0.22272
0.25181,0.73730
0.12342,0.18600
0.01528,2.21650
-0.36268,-0.54936
1.27915,-0.93514
-1.08377,0.02719
-0.39032,-0.53307
0.35871,-0.03512
-0.48213,0.95144
-0.05750,-0.14601
0.15122,0.18413
-0.22825,1.09794
-1.24524,-0.08713
0.21098,0.29014
0.89571,0.14285
0.26455,0.05261
0.88503,0.44287
-0.07773,-0.45244
-0.31534,-1.96444
1.29697,-0.80878
-0.12997,-1.13125
1.10164,-0.86291
1.24798,-1.14754
-1.57008,-0.03522
0.42442,-0.41347
-0.59654,-0.15035
-0.39751,-1.15858
-0.09418,-0.07473
0.35073,-0.43177
0.14740,-0.93855
-0.43332,-0.08159
-0.14510,0.03331
-0.77765,-0.42877
0.95736,-0.07185
0.53033,-0.41240
-0.90976,0.67037
0.14513,0.03644
-0.00673,0.43499
0.90937,0.66967
-0.26463,0.48195
-0.23975,0.20486
0.66472,0.07612
-0.22187,0.60585
0.04601,0.11794
-0.09439,-1.28836
-0.79578,0.49329
0.02457,0.04330
-0.42652,1.30146
0.53663,1.01635
0.82219,1.37925
-0.88588,0.91052
-0.08951,0.01199
1.63812,0.20466
0.00498,0.01796
0.48489,0.27228
-0.01123,-0.00113
0.27526,-0.11671
0.20777,-0.44134
-0.61317,-0.42587
-0.66008,-0.26048
-0.31165,0.22048
-1.02753,1.72311
-0.29109,0.24295
-0.16316,-0.29458
-0.43991,0.60070
-0.15312,-0.27288
-0.23056,0.97831
0.96437,-0.65714
-0.68546,-0.68494
1.02911,0.21915
0.05397,0.06724
0.03473,-0.10007
0.72095,-0.18297
0.16239,-1.50906
-0.31728,-1.21980
-0.02792,-0.01124
-0.25185,0.03282
0.16409,-0.05615
1.42726,0.69225
0.67929,0.01177
0.13512,-0.85906
-0.12269,-1.18450
-0.03200,-0.13470
1.54208,1.47534
1.08226,0.49718
0.25123,-0.09112
-0.00861,-0.03062
-0.24251,-0.02322
0.69721,1.57731
-0.62277,-1.18678
0.04907,0.03411
0.29796,0.15177
0.21560,-0.47340
0.24102,-1.29211
-0.00596,-0.00782
-0.64860,0.21229
0.28025,1.70466
-0.07749,0.83978
-0.14323,-0.06737
0.02550,0.15795
-1.02088,0.28807
0.10057,0.08702
-1.33588,-0.62946
0.23624,0.00767
-0.25201,-0.15280
0.01096,0.11128
0.47684,0.70785
0.06688,-0.82241
-1.11366,1.93343
-0.39054,0.04619
0.49597,-0.27329
0.65029,1.02253
1.93597,-0.32673
-0.02602,-0.00682
0.23066,0.21774
-0.95007,-0.17668
0.16388,0.26706
0.41971,-0.29124
-0.33625,0.36844
0.79496,0.35131
0.58093,1.67381
-0.31636,-1.32988
0.87765,-0.45947
0.07598,-0.48825
-0.03402,0.03700
-0.06773,0.40474
-0.86367,0.87394
0.91818,-0.28637
0.59724,0.13913
0.99950,1.90916
-0.17138,1.88231
0.12299,0.47260
1.82489,0.39209
1.14389,0.07774
0.29896,0.75430
0.13515,-0.03797
0.45438,0.54289
0.93490,1.92600
-0.31008,0.56407
0.89339,0.00745
0.29771,-0.38527
0.01081,0.23831
-0.13702,-0.07028
0.26471,-0.55829
0.22266,0.49539
-0.29594,0.03679
0.10144,0.98458
1.02024,0.23482
-0.27345,-0.60477
0.11032,0.36191
0.04706,0.16995
0.30758,0.87445
0.48398,0.91545
0.39211,0.27888
-0.28726,-0.06262
0.17829,-0.51289
-0.05848,-0.99287
-0.51841,-0.71724
0.28502,0.07552
0.14096,0.22656
-0.36147,0.16356
-0.63304,-0.79811
0.02839,-0.02035
0.74996,0.29710
-0.63672,-0.45982
-0.89102,-1.49849
-0.11053,-0.67120
0.00167,0.10490
-0.62452,-0.52472
-1.54096,0.92721
0.31851,-0.32871
-0.57177,1.27917
-0.11787,-0.06858
-0.12133,-0.23449
-0.81118,0.68488
0.74215,0.38498
0.58729,0.80171
-0.00377,-0.04262
0.12431,0.37265
-1.55588,0.95798
0.77114,0.14291
0.25642,-0.22127
0.06649,0.68225
-0.02389,-0.65622
-0.00114,-0.00022
1.31956,-0.26364
0.60192,0.75007
0.42547,0.04865
0.09025,-0.35096
-0.63230,0.04687
-0.57068,-0.54283
0.09616,-0.14997
0.34920,0.32660
-0.14676,-0.04384
-0.76768,0.82259
0.01916,-0.01412
0.01358,-1.03306
-0.82727,-0.31384
0.22392,0.18287
-0.37717,0.05227
0.63768,-0.20968
-2.16896,-1.72222
-1.35128,0.13741
0.08411,0.06083
1.45693,-1.03676
-0.12174,0.58982
-0.46599,-1.01588
0.47254,0.01094
0.37321,-0.30306
0.88954,0.91356
0.01844,0.53307
0.19754,-2.12346
0.50738,0.87807
0.26790,0.16002
-0.11726,0.10376
-1.58066,0.24288
-0.22962,-0.74789
-0.63826,0.21323
0.51062,1.70728
-0.17166,-0.35533
0.97127,-0.86528
0.31615,-0.25623
-0.38486,0.73384
-0.23818,0.19428
0.13323,-0.31292
-0.69294,0.02796
-0.46041,-0.33674
0.08064,0.73665
0.94506,0.83495
0.03031,0.30825
0.11705,-1.19101
0.22015,-0.83309
-0.51233,-0.21323
-1.44241,-0.33970
-0.39770,-0.15814
-0.36834,-0.03911
-0.60985,0.71218
-0.13323,0.00021
0.55800,1.64829
-0.17090,0.49491
0.14906,0.03755
0.00586,0.03877
1.23859,0.66540
-0.96237,0.49012
0.02534,-1.06535
-1.08315,1.03268
0.31561,-0.00999
-1.29253,0.38264
1.31417,1.17947
-1.07158,0.13035
0.64307,-0.62464
0.78982,-0.12200
-0.30782,0.94248
0.34004,0.94893
0.50906,0.14531
0.29879,0.78927
0.24176,0.25021
-0.63148,-0.08010
-1.08347,-0.15861
-0.13961,-0.01460
-0.08056,0.06454
-0.08594,-0.39069
-1.44164,0.13199
0.10203,0.10353
0.24226,-0.41368
-0.31481,-0.78669
-1.64696,0.76239
-0.01327,0.19665
0.42408,0.34781
-0.10676,0.53953
-1.30800,-1.11784
0.87490,-0.01351
-0.50985,0.20493
-0.53295,-0.77172
-0.75234,0.70126
-0.47529,-1.20929
0.87388,-0.97092
0.31553,-1.45757
-0.21545,-0.15034
-0.39701,-0.52243
-0.32536,-0.54595
-0.50029,0.07465
-0.33930,-0.32483
-0.13203,1.73502
0.71430,-0.23641
1.25816,-1.79421
-0.16194,0.07654
0.08005,0.00213
0.27912,0.38708
-0.08396,0.20655
-0.61395,-0.12233
0.46934,-1.25281
0.02249,-0.41419
0.40090,0.09075
0.03255,0.15655
0.37949,-0.29592
-0.26289,-0.09099
0.04405,-0.26728
0.33393,-1.18819
-0.96695,0.88485
-0.04354,-0.11921
1.81732,-0.23341
-0.52480,-0.18971
-1.40619,0.21923
0.98867,0.45096
-0.56707,0.29771
1.68113,0.24432
-0.49535,0.37031
-1.20337,0.79635
0.68479,-0.21524
0.99385,-1.79062
0.00220,0.06321
-0.18803,0.23879
0.99068,0.46164
-0.25252,-0.69782
0.30408,0.25995
1.78429,0.16025
-0.21038,1.42577
-0.05345,0.05259
-1.47557,0.28115
-0.98427,-1.08251
-0.02848,0.02113
-0.34797,0.63418
-1.55211,-0.35666
-0.10434,-1.04461
-0.39795,-0.74509
0.23195,-0.07381
-0.01701,-0.07239
0.71237,0.84017
0.14500,-0.64284
-0.69944,-0.69538
-0.00038,-0.37358
0.42205,-0.27898
-0.23907,-0.18044
-0.36346,0.33234
-0.19503,-0.07856
0.40049,0.06358
0.01225,0.05497
-0.23287,0.42585
-0.03214,-0.68789
0.10183,0.06355
-0.29833,0.20393
0.08343,0.44439
-0.42604,-0.26338
1.09671,1.13405
-0.24520,0.11296
-0.17525,-0.53755
2.12508,0.73812
0.17627,0.09797
0.14716,0.49556
0.08559,-0.04104
0.41164,-0.66898
0.61208,-0.31035
0.56733,0.46027
-0.89073,-0.09151
-0.04646,0.05397
0.22193,-0.00809
0.24475,-0.65752
0.02542,-0.51834
1.08860,1.38282
-1.34507,0.12278
0.33059,0.03474
0.12879,-0.05228
-0.05317,-0.29044
-1.51954,0.98983
0.99850,-1.92677
-0.09365,-0.41463
1.46008,-0.59983
0.42810,-0.24802
-0.45628,0.67105
0.12576,0.11312
-0.69364,-0.19456
-0.41838,1.33487
-0.16472,0.10576
-0.27712,-2.25306
0.35470,0.80541
-0.33391,0.56688
0.05383,-0.02857
0.01184,-0.00086
0.24548,-0.27309
-0.28159,0.36287
0.30248,0.31876
0.95058,-0.70044
-0.17638,-0.32038
0.59888,-0.11515
-0.04458,0.00849
0.30035,0.29269
-0.44486,0.83142
0.86113,0.21904
0.61901,0.58461
-0.42823,0.69084
1.41489,-0.67199
-0.28216,-0.33242
0.73706,-0.65148
-0.04499,0.03061
-0.56094,1.05310
-0.17384,0.05944
1.29296,-0.57571
0.06610,0.02548
0.42074,0.25698
-0.03352,-0.28389
-2.20840,-0.55391
-0.15380,-0.13165
-0.13329,-0.71476
0.24373,0.29575
-0.00062,0.00020
-0.07122,0.05000
0.35714,-0.53296
0.40637,-0.26155
0.34374,0.54168
-0.29219,0.43142
-0.77087,0.54070
1.21163,-0.54708
0.10364,-0.34360
-0.05781,0.22146
-0.81994,0.25183
0.26007,-0.32177
-0.00094,0.00189
0.13038,0.12977
-0.06339,0.40013
0.30257,-0.24310
0.01482,0.07861
0.03789,-0.14759
0.10309,0.19750
-0.73834,0.15050
0.52509,0.07073
-0.54859,0.39445
-1.65056,-2.11529
0.16956,-0.31899
0.49494,0.40307
0.65323,-0.76470
0.01801,1.37779
0.36570,-0.03176
0.53979,0.12960
-0.79791,-0.07796
0.06938,-0.00498
-1.12185,-0.13058
0.36165,0.27754
0.23562,0.01590
-0.13433,-0.24029
1.09582,0.26736
1.48232,-0.33734
1.48937,-0.87482
-0.29653,0.44775
0.00582,-0.03554
0.06494,0.20595
-0.31924,0.32186
-0.30959,-0.06462
0.52527,-1.00389
-0.10365,-0.09077
-0.15696,-0.30503
0.71192,0.84015
-0.07418,0.06348
-0.04194,0.08870
0.31759,-1.48241
0.65560,-0.12894
-0.80387,-0.78248
-1.66616,0.78587
-0.26284,-0.10639
0.45280,0.42909
0.34204,0.44310
0.31959,0.02319
1.37162,0.52221
0.11859,1.45099
-0.47123,0.08607
-0.04414,0.16929
-0.01224,0.08423
1.06041,-0.27898
-0.18701,-0.45734
-0.81210,0.21022
0.90771,-1.30473
0.24524,0.08783
-0.02100,-0.01487
-0.04587,-0.01751
-0.97862,-0.07648
-0.03321,-0.29111
-1.93247,-0.40351
-0.54430,0.04870
0.07187,0.15652
0.37056,0.33826
0.04576,1.70128
0.11424,0.00174
-0.31262,-0.61722
-0.17285,0.49254
0.43779,-0.23194
0.16112,0.08431
1.46793,0.94717
-0.39585,-0.41731
-1.27461,-0.46732
0.21515,0.89812
-2.32342,0.38123
-0.22264,-1.19499
-0.82502,0.05759
-0.67887,0.66722
0.14478,0.42848
0.37690,-0.23280
-1.38306,-0.48782
-0.25885,0.22518
-0.90757,0.24606
1.46228,1.66563
-0.02281,1.11763
0.64250,0.82519
0.02461,-0.02483
0.08935,-0.07625
0.41344,-0.19265
1.65254,-0.14837
-0.54671,0.14473
0.42968,1.44858
-0.25625,-0.17583
0.12745,0.11840
0.00022,-0.00024
-0.27033,-0.42472
1.26154,0.13004
0.24074,0.63697
-0.00451,0.01043
0.30944,0.55915
-0.55091,-0.31733
-0.20045,-0.80809
-0.37639,0.21939
-0.20984,0.02026
0.68759,0.95292
-0.20758,-0.08238
-0.37655,-1.27574
0.42290,0.53739
-0.34750,1.03725
-0.50648,-0.15607
0.07189,-0.01480
-0.18787,-0.45966
-0.08409,0.06449
0.43261,1.18211
-0.77319,2.16768
-0.71925,-0.56073
0.74402,-0.35249
0.24068,-0.06547
1.56936,0.49030
0.52357,-1.28786
0.11112,0.03054
0.13613,0.34852
1.14725,-0.37199
-0.23891,-0.47909
0.01077,2.23177
0.52314,0.24390
-0.38257,-0.22749
0.96396,-0.75303
1.87951,-0.08101
1.66301,-0.44114
-0.13348,-0.15581
0.36714,0.84409
0.72847,1.16529
0.33673,-0.06830
0.03850,0.13441
0.01311,0.13196
0.29203,0.18099
-0.34025,-1.86445
0.79075,1.76355
0.22097,0.24592
-0.56364,-0.46882
-0.74221,-1.63905
0.41496,-1.72392
-0.56629,0.90058
-2.28641,-0.00097
0.02382,0.07696
0.33315,-0.14697
-0.08260,0.64916
-0.18344,-0.64287
0.02529,0.43600
0.75792,-0.59515
0.31837,0.17968
0.37498,0.46744
0.49026,1.07050
0.20333,-0.39175
-0.02882,0.08764
0.42014,0.17420
0.65680,-0.19834
1.37418,0.43337
0.67364,0.69209
0.33670,-0.30976
1.23574,0.43364
0.98016,-1.29103
0.19034,-0.15377
0.08186,0.96035
0.84862,-0.07061
0.47539,0.41699
0.04241,-1.65873
0.07236,-1.05008
1.96467,-1.01231
0.31717,0.86510
-1.09108,-0.61088
0.82424,-0.29009
-0.74534,0.25329
-0.11829,-0.40574
1.62575,0.07365
0.49825,-1.66401
-1.78038,0.33397
-0.05631,-0.16209
-0.93224,-1.13051
0.69659,-0.43880
-0.00044,0.07090
-0.34229,1.37396
1.02705,-0.29466
-0.87754,0.29458
0.78653,-0.10927
-1.38192,0.46893
1.18910,-0.59088
-0.67997,1.25548
0.40831,-0.34954
-0.43339,1.12274
-0.51404,-0.00257
-1.18586,0.39437
0.31454,0.41464
0.09081,-0.31463
0.10001,0.31764
0.80206,-1.06401
0.48033,1.42808
-0.03734,-0.82724
-0.19905,-0.08025
0.04852,-0.08040
0.78514,0.96244
-0.10177,-0.03226
0.01553,-0.01415
2.37641,-0.63769
0.75899,0.68856
-1.06720,-0.05917
0.33597,0.33618
-0.23101,0.20965
0.31013,0.31116
-0.31887,1.33070
-1.09964,-0.14172
-0.49263,-0.13177
0.17280,1.04112
-0.20782,-0.01700
0.29041,-1.01928
-0.35837,0.55325
0.10316,-0.22567
-0.02941,-0.07051
0.36410,0.34056
0.03393,0.14695
-0.10097,0.03511
-0.31890,-0.27065
0.17409,0.84075
0.30781,-0.13669
-0.28814,-0.20792
-0.40481,1.34136
0.03908,-0.09663
-0.03048,-0.01465
-0.00983,-0.02932
0.57384,-0.37156
-0.23707,-0.27695
-0.61948,-1.27694
0.68348,0.91669
-0.19309,0.42343
0.05277,-0.87080
0.86897,-1.98544
-0.01825,1.15949
-0.16212,0.21844
0.59927,-1.08440
-1.21310,-0.72256
0.23393,0.86999
0.26941,0.54318
1.47443,0.76931
0.06549,-0.69229
0.20097,0.24080
0.55507,0.69279
0.01071,0.09870
-0.69870,-0.07857
0.16019,0.17219
0.31591,0.11298
0.18424,-0.56806
-0.45383,0.01808
0.06734,0.13791
-0.70309,-0.45660
-0.28039,0.78207
-0.89604,0.04789
-1.85305,-0.42630
0.10096,0.47856
-0.71344,-2.08440
0.12569,-0.38825
0.00011,-0.32250
-1.19244,-0.27008
-0.30535,-0.05768
0.17476,0.20089
-0.94136,0.35583
0.04560,-0.31904
0.64800,0.57656
0.47839,-0.29665
-0.28535,-0.79670
0.07968,-0.84959
1.62894,1.35997
0.27787,0.12444
-0.00676,0.11271
-0.25572,-0.97549
-0.41564,0.97528
-0.47379,-0.25494
0.72487,-1.28252
-0.01867,0.03959
-0.39123,0.57363
-0.75791,0.75478
0.43272,1.70973
0.24431,-0.43312
0.05701,0.20104
1.02067,0.74386
0.25879,-0.01206
0.05296,-0.20069
-0.12701,-0.82869
0.39491,0.20363
-0.23674,0.07792
-0.58116,0.66983
0.25835,-0.44434
0.01529,-0.00811
0.81536,-0.36979
-1.33964,-1.97987
0.35855,-1.42078
-1.95636,0.88093
-0.05389,-0.17968
0.02127,-0.04224
-0.00351,0.02480
-0.02935,-0.10746
1.04050,1.46516
0.69057,0.96204
-0.11065,-0.04131
0.59210,-0.69612
-0.32646,0.71063
-1.08430,0.58537
-0.62040,-0.19684
-0.05880,0.33611
-0.33064,1.60341
-0.11017,0.41265
0.05657,0.16685
0.15217,0.29753
0.19490,-0.10843
0.01978,-0.04722
1.02045,-0.07814
0.63579,-0.86155
-0.91343,0.20376
0.17500,-0.09341
1.14059,0.61049
0.43054,-0.59432
0.26569,0.17019
0.05956,-0.21806
-0.08103,0.15342
-0.50070,0.18430
-0.01608,-0.13879
1.21375,-0.87376
0.23554,-0.44393
0.15377,-0.07462
-0.37648,-0.26343
0.01290,0.01072
-1.64625,-0.84764
-0.37565,0.63406
-0.74153,0.14744
-0.18140,-0.36967
-0.89825,0.32479
-0.22299,-0.54915
-0.27490,0.02869
-0.78986,0.68765
1.47210,-0.56390
-0.24427,0.63036
-0.88775,1.02145
-0.46611,-0.96342
0.32152,-1.11269
1.74393,-0.92160
-0.00630,0.54676
0.01371,0.01082
0.38880,0.50370
-0.46037,0.15265
0.18995,0.02660
0.66809,-0.48183
-0.48890,-0.12995
0.01706,1.47885
-0.10433,-0.22745
-0.08406,-0.76616
-0.19929,0.77965
-0.44525,0.13524
-0.89993,0.08755
0.20369,-0.67477
0.85058,-0.76151
-0.08511,0.07923
0.09990,0.04100
0.19173,0.02602
0.38808,-0.44363
-1.09964,-0.09384
1.21019,1.01164
-0.05190,-0.09180
-0.48710,0.05060
0.65541,-1.20003
-0.43629,-0.38039
-0.54543,-0.41736
1.70089,-1.86156
-1.21227,0.19068
-0.22207,-0.81269
-0.08950,-0.25057
0.10607,0.41359
-0.66546,0.36373
-0.11727,-0.13410
0.02298,0.19108
0.05910,-0.11898
-0.18325,-0.09473
0.07380,0.12334
-0.21719,-0.00514
0.16874,-0.13407
-0.10037,-1.46328
-1.15276,0.62134
0.02035,0.10133
0.09676,0.01979
1.29120,0.45841
0.19201,-0.09934
-1.80265,0.76758
0.23873,-0.84218
2.14355,0.22924
-0.95773,0.24887
0.98463,-0.13450
-0.51779,-0.63235
-0.09170,0.38643
-0.02364,0.38520
1.21457,-0.63116
0.79201,0.02438
-0.69159,1.35270
0.52455,0.30543
0.65256,0.96874
1.07281,-0.69008
-0.21239,0.59350
0.26367,-0.02070
0.67488,0.80653
0.43371,-0.25382
-0.95815,-0.25268
-0.00433,1.08849
0.09827,-0.41659
0.11041,0.63388
-0.04906,-0.32793
-0.00567,0.15189
-0.52090,-0.20272
0.72383,-0.13955
-0.65042,0.90262
-0.00831,0.31435
-0.35640,0.62675
1.45427,0.90943
0.66312,-0.59127
0.43266,1.03037
0.47412,-0.16544
-0.09185,-0.37945
-0.44298,-0.09770
-0.43369,0.16529
1.68430,0.41724
-1.41375,0.25410
-0.21686,0.27776
1.30132,0.66771
0.06998,1.19928
1.01796,-0.61005
1.43105,0.88039
0.02555,-0.38193
0.22127,-0.21651
-1.37484,1.58043
0.10217,-0.00755
-0.31296,0.22947
0.01550,0.00953
-0.35294,-0.39763
-0.31766,-0.36707
-0.00268,-0.01475
0.18215,0.61078
0.21464,0.14695
0.09596,-0.00586
0.71674,-0.88672
0.01208,-0.05196
-0.47548,-1.09667
-0.05122,-0.04648
-0.27607,0.26625
-0.03850,0.26015
1.47097,-0.22853
-0.56254,0.18846
0.13544,-0.86842
-0.00995,-0.14611
0.00359,0.09791
-0.04057,-1.11651
0.92450,-0.14599
0.20722,-0.49790
0.70900,-0.32950
-0.00070,-0.08863
0.79968,0.10955
0.19017,0.15399
-0.42326,0.14598
-0.00314,-0.00474
0.65683,0.06263
-0.11357,0.33331
0.04612,0.38957
-1.74057,-1.28450
-0.28397,0.02144
-0.24702,0.27980
0.08587,-0.24780
-0.46420,-0.47252
-0.91315,0.00551
1.46137,-0.03454
-0.00629,0.16617
0.38665,-0.61023
0.11217,1.13048
0.33852,0.64239
-0.13912,0.54402
0.68344,-0.92649
0.06431,1.47257
-0.41184,-0.28792
-0.28593,-0.54548
0.09680,-0.11853
0.88554,0.02363
1.34629,-0.04812
0.24380,0.77417
-0.73728,0.37402
-0.51375,1.09661
-0.14282,0.24601
-0.95278,0.38114
0.11425,0.93734
2.25615,-1.41396
-0.07314,-0.06998
-1.33543,0.00875
-0.01405,-0.00549
-0.66276,-1.25694
-0.00025,-0.00604
0.04131,-0.00278
0.46369,0.25229
-0.01717,-0.05762
-0.60995,1.48354
0.02624,-0.01387
-0.17391,0.66672
0.59243,-1.17922
0.10096,0.62257
-1.04962,1.23132
-1.07010,-0.15104
-0.25201,-1.13810
0.11762,0.06891
0.06305,0.12817
0.07518,-0.01265
0.33242,-0.47763
-0.90584,0.53290
-0.25260,-0.18328
0.25382,0.15647
0.67850,-0.13439
-0.69683,-0.16025
-1.34630,-0.69853
-0.47673,1.52879
-0.11049,0.75709
0.42611,-0.15629
-0.02084,0.00180
1.04573,1.01987
-0.14067,-0.21936
1.03764,0.70628
0.81304,-0.27329
0.82541,-1.75671
-0.84463,-0.17508
-0.45823,0.50731
0.82008,0.06812
1.53301,2.12225
0.08516,0.44334
-0.14990,-0.01715
-0.19759,-1.01839
0.60290,-1.05032
0.13361,0.02716
-0.31612,1.15109
0.22381,-0.05382
0.42931,-1.19443
0.01993,0.10398
0.13988,0.33950
-1.08789,-0.61517
-0.48943,-1.50175
-0.07524,-0.23472
-0.00240,-0.00047
-0.14810,-0.83714
0.43749,0.17533
-0.17287,-0.10500
0.00721,-0.08169
0.19594,0.92217
1.48365,0.53015
-0.52173,0.65615
0.00987,-0.02186
0.13811,0.40098
-1.68053,-1.28810
-0.19128,-0.78222
0.50289,0.27277
0.28668,0.08982
0.55818,0.03819
-0.75207,-0.60456
-0.19310,-0.02392
0.13351,0.29677
-1.34869,-0.23206
-0.24512,-0.29050
0.32494,-0.13031
0.30647,-1.51848
0.64323,0.27528
1.62345,0.68742
0.86535,-0.42084
0.05466,0.15997
0.09743,-0.21182
-0.08026,-0.63447
2.59204,-0.39283
0.05943,-0.54269
0.08374,-0.07223
-0.57885,-0.38841
0.37844,0.08933
0.52180,-0.86784
0.07865,-1.36080
1.19873,1.95779
-0.07389,-0.11306
0.52432,0.22581
0.97508,0.00492
0.10870,-1.06531
-1.33362,-0.73759
0.60219,-0.67758
-1.54232,-1.71447
-0.99836,0.31224
1.83572,1.25861
-0.55605,-0.04448
1.11601,-1.04731
0.35368,-0.33568
0.44262,-0.81987
0.54162,0.14606
-0.55477,0.50779
0.26573,0.14122
0.13821,-0.09934
0.13530,0.06875
0.02104,0.10852
0.22515,-0.49246
0.84751,-0.67361
-1.79224,0.65244
-0.07487,0.58799
1.67420,0.00970
-0.28136,-0.00667
-0.74045,0.06628
0.04400,-0.27544
0.27146,-1.01043
-0.42198,0.37593
0.05284,-0.00247
1.86950,-0.67046
-1.45552,1.81838
1.01213,-0.55093
0.19609,-0.80984
-0.25907,-1.02781
-0.26749,0.62781
0.45802,0.58847
-0.16605,-0.24558
-1.14934,0.47038
-0.25064,0.01553
0.22868,-0.37478
0.15832,0.37946
0.89671,-0.30725
-0.25989,1.37795
0.04984,-0.09755
1.75136,-0.46400
-0.02386,-0.43166
-0.19304,0.20885
0.70289,-0.40633
-1.14263,-0.48470
0.47808,-0.11934
1.05727,0.09643
0.84453,0.09398
-0.97450,-0.68802
-0.78821,-0.21050
-0.36678,0.19724
0.50458,-0.13958
-0.03977,-0.31050
-0.05240,-1.86472
-0.03180,2.11855
0.16429,-0.03951
0.69540,0.11191
0.42892,-1.16068
-0.17819,-0.37532
0.56498,-0.40748
-0.24352,0.26027
0.28615,0.05692
0.08634,-0.78900
-0.34023,0.48928
-1.02002,-0.94633
-0.98270,0.51953
0.09740,0.11993
-0.83237,0.12583
-0.87349,-0.15500
-0.03171,0.32216
-0.00185,-0.00713
-0.65651,0.79776
0.38769,0.85277
-0.35899,0.12301
1.48989,-0.47469
-1.04933,-2.02896
-0.16497,-0.06194
-0.90228,0.33160
-0.67527,0.14233
-0.19908,0.34493
-0.88590,-3.05031
0.50627,-0.04263
-0.39270,0.33435
-0.02870,-0.05620
1.95454,-0.12767
-0.25508,-1.21521
0.59814,-0.69977
0.12283,0.01328
-0.18733,-0.08987
0.08335,0.04066
-0.17990,0.11811
0.03237,0.00897
-0.08710,0.01576
-0.17653,0.13573
-0.17870,0.75278
0.12882,-0.65243
-0.57688,0.85756
0.07815,-0.11659
-0.84852,0.82361
0.15139,1.21149
0.54672,-0.50190
0.25153,-0.57807
-0.45610,0.10396
0.55760,-0.37480
0.09703,1.37899
1.46727,1.27267
-0.21316,-0.34006
0.02337,0.03702
0.32044,0.34701
-0.32271,-0.25394
0.74424,-0.71238
-0.42931,-0.29606
0.23153,1.46254
-0.51145,-1.47841
0.29484,-0.00631
0.19460,0.56898
-0.80094,-0.59754
-0.09152,-0.14585
1.38764,-0.41154
0.79241,-0.65607
0.34979,0.15557
0.40189,-0.33954
0.76845,-1.21201
0.18295,-1.38270
-0.40373,0.41513
-0.15363,0.04930
-0.41010,-1.11095
-0.92756,1.10946
0.69963,-0.43488
-0.94539,-0.54262
0.25093,0.34227
-0.54793,-0.10379
-0.03919,0.01556
0.04009,0.07898
1.80058,-0.23446
0.63364,3.06514
-0.67336,0.63926
0.39406,-1.76934
0.57991,0.26470
0.65840,-0.13610
-0.14706,0.43277
0.06053,-0.00577
-0.12889,0.38553
-0.13209,-1.00972
-0.18801,-0.99504
0.48081,0.45073
0.13383,0.16501
-0.24317,0.26432
-0.06513,0.22054
0.44875,0.49047
0.12377,0.44765
1.48182,1.40019
0.02447,-0.50304
-1.15663,-1.01939
0.33083,-0.96238
0.51063,0.26281
0.48147,0.42458
0.00902,0.03447
0.30404,-0.89180
-0.27847,-0.08696
-0.52245,-0.09638
0.13900,-0.22593
1.24350,1.02941
0.94215,0.00556
-0.06677,-0.25098
-0.29061,-0.89473
-0.88527,0.00626
0.54409,0.50062
-0.00201,-0.10425
0.31743,0.27789
-0.00675,0.03108
-0.47785,-0.30833
-0.59557,-0.75771
0.31015,-0.74167
1.27839,0.62696
-0.56528,-0.62291
0.11493,-0.06037
0.81305,-0.43361
-0.14597,-0.30467
-0.09259,0.38436
1.04410,-1.34043
-0.80626,0.15445
0.48130,1.21139
-0.07113,0.02244
-0.23115,-0.26312
-1.14731,-0.39524
0.80965,-1.94041
1.49185,-0.99729
0.03319,-0.00800
-1.09106,-1.00124
0.05030,0.06709
0.03461,0.03405
-0.06262,0.26111
-1.00663,-0.49630
0.08960,0.12980
1.87463,0.30695
0.34331,0.12530
1.07771,-0.13684
-0.13459,0.63751
0.42154,-0.20724
0.42306,-0.44358
-0.18100,0.40847
-1.16769,-1.07612
-0.11387,-0.03519
-1.22624,-0.03143
0.01793,0.33021
0.29721,0.16362
-0.07778,-0.12016
-0.24418,-0.36197
-1.38517,-1.60108
0.06776,0.25012
0.13940,0.35935
1.45955,0.87069
0.03022,-0.10336
-0.83637,-0.80814
0.41046,0.45658
-0.69206,-0.27469
0.21737,0.53534
0.24860,-0.10489
0.67172,-0.27393
-0.35964,0.28774
-0.08980,-0.56241
-0.13144,-1.61273
-0.04254,0.06198
-0.64194,-0.40651
-0.28040,-0.14306
-0.00611,0.39755
0.15177,-1.47991
-0.35690,0.33286
0.47035,0.39550
0.35499,-0.09173
0.22214,-0.02493
1.96323,-0.60419
0.21798,-0.50139
-0.57203,0.09414
-0.02066,-0.02502
0.17055,0.33911
0.19968,0.11895
-0.21764,0.53017
0.95190,1.09193
0.15974,0.14146
-0.31109,0.37513
-0.24682,0.92150
0.58386,1.21998
-0.00294,0.18180
0.00532,0.18303
0.43842,0.06242
-0.62494,-0.94340
-0.70739,0.63066
0.65925,-0.18261
0.21867,-0.33946
-0.94372,-2.25237
-1.15810,0.06284
0.16075,0.62029
0.27770,-0.47212
0.86679,-0.06616
1.13756,1.05587
-0.52909,-0.02080
-0.18850,0.02222
0.22756,-0.12534
0.00413,0.02221
0.12917,0.28041
-0.25355,0.09784
-0.09112,-0.33619
0.47490,-0.89726
-0.17062,-0.06044
0.21260,0.60083
0.21107,-0.19918
0.01947,0.01804
-2.48278,0.57202
-0.24390,-0.22741
-0.87513,-0.59358
-0.21060,0.50352
-0.41542,-0.55147
-0.08663,0.07227
-0.45383,0.37268
-1.12376,0.11159
-0.41970,-0.08625
0.57550,0.37458
-1.36991,-0.30073
0.36158,0.18816
1.15559,-0.39286
1.98400,1.88865
-1.23615,0.15366
1.24738,-0.10816
0.36944,0.30301
-0.00807,0.00487
-0.16154,0.17453
0.01868,-0.01339
-0.45671,0.15423
-0.00732,0.54622
-0.00760,0.01154
0.36649,-1.20021
0.47370,-0.40763
1.48517,-0.60649
0.14533,-1.71130
-0.74912,0.37109
0.14057,0.88741
-0.84584,-0.35831
0.08596,-0.12952
1.29117,-1.07369
-1.46579,-0.17593
0.09068,-0.34292
-0.29512,0.90109
0.12231,-0.07510
-1.17283,-0.23597
-1.17034,0.66727
0.05491,0.04595
-0.00472,0.00585
0.00002,-0.01952
0.06977,-0.36042
-0.82440,-0.66962
-0.60468,-0.24159
0.00334,0.00420
-0.71436,1.64926
-1.19172,-0.03732
-0.34406,1.62438
-0.40764,-0.06840
0.02135,-0.02129
1.69543,-0.14751
-1.40378,1.93332
-0.06149,0.02382
0.60248,0.06577
-0.05063,-0.00836
0.30603,-0.14050
-0.38281,0.71874
0.11928,-0.35719
-0.01340,0.01523
-0.21565,0.56768
-0.34950,-0.88646
-0.13382,-0.16060
0.58930,-0.40135
-1.28465,-1.92004
-0.63156,0.06525
-0.25786,-0.17393
0.01171,-0.06188
-0.26153,-0.34767
0.09571,0.22633
0.52549,-0.47255
-0.03294,0.01511
0.13010,-0.24698
-0.02080,0.00886
0.31230,-0.02915
0.24415,-0.05664
0.16972,0.93932
1.41425,0.66199
-0.10391,1.99463
0.46051,0.73743
-0.69908,-0.46090
-1.48591,-1.00741
-0.02648,0.61489
-0.58711,0.36158
0.06472,0.04485
-0.01893,-0.02042
0.78130,0.14196
0.00395,-0.88008
-0.35120,-1.12065
0.36094,-0.50511
0.44566,0.67714
0.50120,0.36340
0.13432,0.73715
-0.08904,0.41167
0.36635,0.08540
-0.54487,-0.67672
-1.29162,-0.59517
0.00375,0.06407
-0.35426,-1.13365
0.32332,0.50428
-0.03462,-0.00390
-0.08075,-0.74884
0.69817,0.20825
0.55239,-0.25554
0.01133,0.06418
-0.03011,0.02173
0.77929,1.88154
0.00406,-0.04821
-0.19553,-0.03811
-0.57251,-0.23901
-0.05945,-0.05862
-0.83595,-0.67179
-0.45158,-0.54217
-0.05000,-0.16430
0.96341,-1.15440
-0.63563,-1.09276
0.66268,-0.66000
1.10293,0.09772
-0.25400,-0.02190
-0.30519,0.09405
0.64531,0.38660
0.24522,-2.33302
-0.19116,-0.12133
-0.09938,0.74033
-0.06037,0.26559
-1.35541,-0.36588
-2.21330,0.35845
-0.44192,-0.88383
0.05110,0.12640
0.99240,0.14078
0.17822,-0.43520
-3.03250,0.39780
0.28150,0.26331
0.08606,-0.02713
-0.16548,-0.77911
-0.08747,0.40038
-0.07954,-0.68522
-0.56465,-0.14675
0.47891,0.09702
-0.65946,-0.50670
-0.85966,1.76256
0.17315,0.19434
0.09207,0.35626
-0.38768,-0.21899
-0.00472,-0.01981
-1.24338,-1.04163
-0.21813,0.90373
1.01318,1.38544
-0.95521,-1.06358
0.04967,-0.38883
-0.97988,-1.16358
-1.40862,0.90499
0.00358,0.00675
-0.01009,0.01733
-0.32114,-0.25131
0.19842,-0.05394
0.29878,0.31807
-0.11964,-0.21590
0.33338,-0.52057
0.98704,-0.20934
-0.09350,1.02247
-1.13435,0.32360
0.31288,0.98229
-0.46295,0.38353
0.99387,0.28407
0.00634,0.08222
0.07759,-0.11769
0.91178,-0.07782
-1.07495,-0.39727
-1.72838,-1.63621
-0.03305,0.30779
-0.02829,-0.05723
-0.38608,0.09318
0.31642,-1.08394
1.14101,0.91263
0.68531,1.26994
0.12564,-0.00685
-0.19765,1.01840
-1.10165,0.70380
0.03557,-0.06947
-0.01352,-1.09232
2.28824,0.95073
1.11229,1.35863
0.41519,0.98702
-0.29437,0.42442
0.30701,-0.98211
0.16767,0.76384
-0.93614,0.35488
0.03313,0.01532
0.07253,-0.36706
-0.16190,0.47397
0.78333,-0.29069
-0.54281,0.57508
0.87379,-1.33537
1.21385,1.50148
0.11217,-0.08166
0.10876,0.36634
0.97735,1.09584
0.06225,-0.01384
-0.07164,-1.29490
-0.69513,0.03556
-0.06452,-0.11116
1.95460,0.27890
0.77801,0.09354
0.45919,1.53858
-0.01740,-0.03448
-1.34381,-0.36981
-0.18220,-0.54965
1.49860,-0.47069
0.04694,0.00314
0.74028,1.34733
-0.18189,-0.04663
0.62804,0.06683
-0.56056,0.67230
-0.24532,-0.03128
0.29867,0.41756
0.06309,-0.55955
-1.59255,-1.30620
-1.27870,-0.89764
-0.05101,-1.45572
-0.67024,-0.51125
0.47012,-0.19928
0.50622,0.22813
0.46339,0.31744
0.93416,1.07726
-0.14308,0.02906
-0.20007,-0.47428
0.13814,-0.27705
-0.12557,-0.00127
0.08444,-0.08347
-1.01344,-0.31699
-0.03241,-0.01636
0.64347,0.61522
-0.14774,-0.10658
0.27655,-0.01050
-0.09988,0.01549
-0.07344,0.25096
-1.65360,-1.48489
0.87450,-1.15634
0.69288,-0.11711
0.16373,-0.16129
-0.03130,0.13206
-0.77545,-0.49561
-0.33263,0.53999
1.19162,-0.16587
0.49003,-1.18901
0.14123,-0.45184
-1.47551,1.49519
-0.12758,0.06529
-1.04039,0.73375
-0.30311,-0.55914
0.00359,-0.03267
-0.29308,-0.93833
0.42418,0.54994
1.26943,-0.78332
-0.01852,0.36350
-0.61937,-0.50602
1.17535,-0.47591
0.05144,-0.25337
-1.14516,-1.44664
0.04141,1.29608
-0.00073,0.26724
0.07934,-0.04211
-0.25976,-0.46834
-0.10904,0.40565
0.18202,-1.21168
-1.08219,-0.02189
0.52111,0.30680
0.94066,0.02137
-0.79170,-1.67979
-1.36769,0.01104
-0.44020,-1.30408
1.55509,0.35041
0.97933,-0.22826
-0.10156,1.30371
-0.06899,0.00427
-0.22421,-0.54149
-0.61339,0.06404
-2.00085,-0.74125
-0.91564,0.11045
-0.63564,0.64606
0.01702,-0.18956
1.35874,1.09258
0.75709,-1.21602
0.35202,-0.01365
-0.92056,1.30219
2.16109,-1.03126
-0.38992,-0.02785
-0.13699,-0.03624
0.10286,-0.13800
0.04113,0.40496
0.89951,-0.36781
0.06136,-0.17065
0.98453,1.76045
-0.30792,-0.56276
-0.39451,0.57995
0.04850,0.24912
0.02341,0.17273
0.95371,0.76483
1.42727,-1.06311
0.21377,0.81773
0.28715,0.38077
-0.19585,-1.80870
0.62303,0.03349
0.06380,-0.22905
0.65104,-0.01718
0.73088,-0.01043
-0.08332,0.88243
0.03403,0.06719
-0.18756,0.08454
0.34204,-0.46072
-0.22107,-0.09659
0.21417,-1.64654
-0.05511,0.21763
2.13782,-0.50235
-0.50005,-0.31868
-0.62626,-0.38306
-0.01002,0.01195
0.35037,-0.17186
-0.57702,-0.08328
-0.06142,-0.08427
-0.59126,0.19994
-0.22826,0.71927
-0.10888,0.20487
-0.51208,0.74063
0.28856,-0.07322
0.45861,0.90642
0.07150,0.02772
-0.12710,0.02992
0.38527,0.42908
-0.52904,0.14291
-0.38803,0.02653
1.98391,0.90979
0.52574,0.19191
-0.41949,0.52168
-0.68779,0.58764
-0.34756,0.01068
0.64794,0.03081
-0.15337,0.39776
-0.65325,-0.95746
-0.37576,-0.87820
-0.80006,0.21685
0.41696,-0.27056
-0.49150,-0.68699
-0.02359,-0.05426
-0.63966,0.53277
-0.79579,-0.06009
-1.28290,0.71360
-0.13518,-0.19311
0.42405,-0.08256
-0.02287,-0.15644
0.30577,0.65649
-1.68558,1.25297
-0.34177,1.47883
0.18801,0.28105
0.42002,0.42186
1.43383,0.76002
0.68972,0.61045
-0.60325,-0.07444
-1.09311,0.16865
-0.29711,0.98529
-0.54242,0.25745
-0.99544,1.48115
1.55181,0.26659
0.23755,-0.53178
-0.39426,0.58787
0.27946,-1.76620
1.83499,-0.03767
-0.97338,0.70671
0.05455,-0.29909
-1.37184,0.83920
0.72650,1.14615
-0.48340,0.36779
-0.07700,0.32093
-0.12396,0.06680
-0.64962,-0.07871
-1.14678,0.74673
1.14834,-0.34563
-0.12299,0.45190
0.08999,-0.09302
-0.17884,0.49872
0.26350,-0.33977
0.99110,-0.04879
-0.66400,0.73497
-0.00103,0.03116
0.04002,-0.01051
-0.84171,1.99354
-0.33703,0.76031
-0.61107,-1.14289
-0.04870,-0.04617
-1.15720,-0.84367
0.40134,0.10147
-0.78082,0.56551
0.07346,0.02229
-0.05767,-1.14372
0.31321,0.19383
-0.07422,0.12373
-0.84332,-1.67703
-0.27397,0.56719
0.04419,0.69471
0.18710,2.68108
-0.30544,0.16197
0.08468,0.31505
-0.30190,-0.21757
1.28839,-0.36269
-0.41928,-0.14810
-0.02681,0.06768
-0.27412,-0.40372
-1.58771,0.56865
0.03795,0.07581
-0.69387,0.17966
-0.05643,0.88579
0.41921,0.57723
2.64061,1.92183
-0.60074,-1.04354
0.38583,-0.99413
0.01217,-0.00543
0.89806,-0.68234
0.00583,0.01377
-0.08620,0.00269
0.07720,-0.21294
-0.35519,-0.08606
-1.49527,-0.39379
-0.83387,0.47798
0.00249,-0.84008
-0.13811,-0.39253
0.15121,-0.66266
0.05061,-0.70151
-0.50624,1.01627
-0.14102,0.07437
0.13749,0.03590
-0.60997,-0.87670
0.32586,0.21513
-0.04794,0.44368
0.02637,-0.05199
-1.12735,0.12092
0.69509,0.94096
0.51550,0.73216
-0.13529,0.02034
-0.19023,-0.53910
0.40537,-0.12819
0.27278,0.92356
0.97060,-0.78077
-0.10717,0.12529
-0.02594,-0.02379
-0.56313,1.82833
-1.71935,-0.21515
0.50190,-0.81912
-0.30893,-0.88928
-0.05145,-1.97893
-0.23788,0.41673
0.05695,1.75523
0.25780,0.35540
-0.02291,0.12737
-0.24033,-0.03512
0.00273,-0.00239
0.04502,-0.14343
0.84661,0.18271
0.44931,-0.03635
-0.16840,-0.26942
-0.01337,0.18043
-0.04736,0.06434
0.07207,0.08248
-0.20143,0.96592
0.28598,0.87373
-1.02183,1.13122
-1.25553,0.15550
0.10870,-0.37651
0.30100,0.20885
0.01095,0.01516
0.17297,-1.79121
0.00605,-0.01459
-0.86581,-0.18637
0.43720,0.62289
0.86769,1.06550
0.66271,1.33739
1.49172,0.95342
1.38882,0.70931
-0.24250,-0.28265
1.03947,-1.02859
-0.31172,0.28231
0.52298,0.00897
-0.62279,0.80726
-0.09348,-0.11449
-0.52635,-0.21126
-0.03032,-0.00811
0.53846,-0.46083
0.04683,0.02240
0.27932,-0.02383
-1.24656,-0.06121
0.18465,-0.78518
0.02038,0.02183
-1.10064,-0.04112
0.55933,-0.13301
-1.05131,-0.39168
-0.76111,-0.17563
0.21169,-0.09925
-0.80628,-0.66762
-0.45912,-0.16076
-0.05106,0.03739
-0.14646,0.46228
-0.19571,0.06262
-0.15838,0.08220
-1.99277,0.14809
-0.60021,0.16212
0.15384,-0.33824
0.01643,-2.10108
-0.00059,-0.00217
-0.57212,0.13604
0.09967,0.54853
-1.48205,0.49457
1.39029,1.34776
0.21387,-0.41605
0.08126,-0.14551
0.01436,-0.42453
0.05649,0.17146
0.84561,1.21075
-0.03461,0.65711
0.10736,-0.07634
0.81254,-0.38246
-0.38095,0.22022
0.96926,-0.26257
-0.75733,-0.87828
0.37398,0.36850
0.39260,0.13318
-0.81480,0.11750
-0.04555,0.14822
-1.38050,-2.11220
0.33104,0.53492
-0.56469,1.20697
0.79982,0.62635
0.47601,-1.14108
-0.11415,0.35347
-1.20542,-0.17549
-0.25440,0.22100
0.61660,-0.49560
1.06639,-0.76159
-0.04382,-0.12617
0.07069,0.03094
1.12273,-1.04047
0.59858,-0.65111
0.48850,-1.13421
0.15669,-0.18070
0.03503,-0.37986
0.30267,-0.31447
-0.45138,0.49136
-0.58305,0.56581
0.10602,0.04194
0.70892,-1.14095
-0.93536,-1.02492
-0.00123,1.40945
0.32174,-0.79846
-0.33134,-0.44471
-0.06722,0.59807
0.41665,0.00295
-0.09062,0.13385
1.14002,-0.36743
0.12917,-0.56757
1.90195,-0.19646
1.00787,-0.06025
-0.88109,-0.03473
-1.40581,1.33960
0.03585,-0.05478
-1.96294,-1.09221
-0.10467,0.38015
0.09724,-0.55550
0.69978,-0.28995
-0.17715,-0.03382
0.84664,-1.26587
0.56524,0.65969
0.16836,-0.42013
-0.07414,0.28191
0.73392,-0.45285
-0.06495,1.64574
-0.06275,-0.03577
0.21466,-0.27473
0.39916,-0.65988
0.40670,0.09691
0.01803,-0.76106
-0.98910,0.54729
-0.25769,0.50315
0.11078,-0.28228
-0.36962,0.05851
-0.56891,-0.18399
-0.37124,0.77541
0.85710,0.44326
-0.09104,0.08125
-0.60643,-0.61018
0.38877,1.32305
-0.53264,0.33994
0.46244,-0.35977
0.11304,-0.24141
0.09277,-0.16390
-0.92970,0.04727
-0.77634,-1.45761
-0.14361,-0.02407
0.22742,-0.21397
-0.35610,-0.27573
-0.12294,0.96439
0.32416,2.03160
0.68425,-0.16196
-0.63467,0.55555
-1.76578,0.44948
-0.54059,0.08821
-0.81660,0.31673
0.05206,-0.29665
-0.13667,-0.63050
0.02093,-0.37046
1.00171,-1.04496
-0.03191,0.15302
-0.52266,-0.35650
-0.52856,-0.60293
2.02701,-0.44340
0.13245,0.22882
-0.16145,0.11927
-1.93738,-0.71374
-0.55142,-0.70835
-0.53557,1.53033
-0.54114,-0.24821
-0.37139,0.05383
-0.72570,0.45613
0.38561,-0.88869
0.15037,-0.01770
0.13736,-0.26557
-0.03301,1.40511
-0.65461,-0.00777
-0.37208,-0.76069
-0.29594,-0.19587
0.81125,0.25267
1.82096,0.67249
-0.19382,-0.17696
0.68861,-1.11519
0.15576,-0.62577
0.44565,0.01866
0.00022,0.85558
0.72513,0.33190
-0.47932,0.67231
-0.57129,0.33013
-0.33699,-1.05759
-1.57285,0.16546
-1.05313,-1.63139
0.33980,0.29879
0.00783,-1.07875
0.54609,0.80168
0.01273,0.40102
0.39505,0.54424
0.14795,0.08337
0.74505,-0.51884
2.51128,0.31488
0.01066,-0.11667
-1.46908,-1.11656
-1.74647,-0.56799
-0.87043,0.52918
0.53515,1.09282
-0.17076,0.19794
0.68278,0.99721
0.51955,-0.27929
-0.17671,-0.52747
-0.32064,0.77933
-0.09737,-0.03483
-0.51173,-0.72579
0.49953,0.09986
-0.09382,0.07453
0.08920,0.98860
0.27608,-0.02665
0.01048,-0.20022
0.35113,1.36965
1.06146,-0.40036
0.46573,-0.65372
-0.06118,-0.25876
-0.04341,-1.53146
0.01105,0.02494
-0.06132,-0.04255
-0.22841,-0.31464
-0.46101,-0.72666
0.04045,0.25598
0.40984,-0.03107
-0.05626,-0.97300
-0.60129,-0.96885
0.06721,0.05555
-0.02195,-0.20451
-0.49228,0.23682
0.50253,-0.84154
0.22703,2.17117
0.00961,1.05608
-0.82954,0.54357
0.49995,-0.13361
0.91229,-1.36351
-1.09615,-0.17847
0.57360,-0.15164
1.28536,-1.09565
0.80450,-0.14535
-0.01344,1.40829
-0.71282,0.47915
0.02281,0.50065
-0.55999,-0.07083
-0.00252,0.11610
0.77822,-0.56745
0.39345,0.19511
-0.14015,0.33443
0.34362,1.21107
1.15522,1.49513
0.06881,0.09605
-0.92545,1.33471
-0.33188,0.68412
-0.49586,0.50191
0.68502,-2.53379
0.27507,1.12622
-0.26974,-0.27449
0.19649,-0.11786
0.84608,-0.97753
-0.69782,0.11420
0.88935,-0.70460
-1.05172,0.11699
0.75782,1.12862
0.01480,-0.07226
-0.01975,0.03882
0.31383,1.07297
1.08779,0.24398
0.02308,0.56018
0.68703,-0.39142
0.01802,0.34060
-0.61529,-0.36317
0.80605,-0.68711
-0.41990,-0.59489
1.44363,-0.01079
0.90494,-0.71651
-0.02883,-0.12033
0.62095,0.05137
0.16650,0.03790
-0.17181,0.17089
-0.03661,0.13241
-0.15994,-0.07195
0.38687,-0.37571
-0.40881,-0.91768
0.44501,-0.31260
1.10260,-0.78683
-0.63751,-0.00412
0.13790,0.15439
1.65067,0.05516
-0.00839,-0.01145
-0.84575,0.70493
0.41299,0.83383
0.02827,-0.82031
0.94754,-0.31427
0.52927,-0.31871
0.02558,-0.02500
-0.66323,1.30945
0.00749,0.20138
0.15814,-0.14758
0.04284,0.10162
0.08544,-0.06601
-0.79648,0.10835
1.34558,-0.41227
0.29896,-0.25953
-0.09433,0.30214
0.30687,-0.01431
0.05906,0.00728
-1.05050,0.19231
-1.36890,-0.19449
0.90574,0.06691
-1.90262,0.43930
-0.11651,-0.13446
-0.12771,-0.84670
-0.19755,0.12862
-0.28068,0.16789
0.00341,0.45383
-0.11003,1.07247
0.04491,-0.53864
-1.32913,-0.08102
0.08960,0.04022
0.28615,0.21675
0.52514,0.03668
0.00000,0.03562
0.45317,-0.30631
0.06936,-0.05564
0.08934,-0.10466
0.39477,-0.45114
-0.30829,0.34566
-1.52414,1.18673
-0.46701,-0.68409
1.29444,0.34479
-0.24237,0.04098
0.00003,-0.01107
-0.63572,-0.06750
0.68630,-1.53872
1.38637,-0.29563
-0.19444,-0.41066
0.49425,0.73089
0.05873,0.05455
0.39525,-0.00921
1.24710,0.40787
0.08234,-0.04967
1.67988,1.79399
-0.66290,-0.25331
0.08435,-0.80395
-0.00226,-0.04666
-0.67065,-0.01809
-1.06514,0.02214
-0.25383,-0.23785
-0.15060,-0.04607
0.15937,-0.76515
-1.68995,0.41649
0.35817,0.10600
-0.12563,0.11719
0.57239,-0.86965
1.39525,-0.22958
0.21225,0.02433
0.57857,1.56273
-0.09929,-0.27738
0.38961,0.22077
-0.56935,0.55203
0.39968,-0.08029
0.70962,-0.62404
-1.03254,0.77243
0.27314,-0.18704
-0.21312,0.14831
-0.01531,0.00214
0.49350,0.91595
-0.32107,-0.07548
-0.12068,1.00744
0.62893,-0.40464
0.26926,0.35948
0.79299,-0.42459
-0.09114,-0.01303
1.49800,0.58673
0.82105,-0.20846
0.18991,-0.01352
0.22408,-0.69264
-0.73593,-0.73425
-0.57064,-1.31093
-0.38007,-0.32618
-0.84408,-0.33994
1.09888,-1.32808
-0.58737,-1.06680
-1.51258,0.82223
-0.13264,0.39722
-0.20068,-1.67953
-0.27122,0.06139
0.46798,1.80454
0.35014,0.39475
-0.73767,-0.16161
-0.05573,-0.09611
0.28455,-0.05320
-0.04928,-0.69536
0.06457,0.71834
-0.17929,-0.24782
0.17375,-0.79228
0.08288,0.82006
-0.50434,1.36406
0.08367,-0.27933
1.12168,1.31583
-0.44529,-0.49418
-0.49436,0.76598
-0.12849,-0.02956
-0.48987,0.71210
0.67881,-0.05807
-0.02651,-0.07997
0.85958,-1.10339
-0.18066,-0.76650
-1.10927,-0.38874
0.00481,0.02878
0.93285,0.41561
0.29553,0.03742
-0.04076,1.10051
-0.38962,1.05484
0.19537,0.33302
-0.06629,0.00126
0.00089,0.05099
-0.99555,0.43974
-0.28814,-0.00762
-0.33722,-0.68428
-0.72227,0.35037
-0.40646,-0.47572
0.63676,0.65072
-0.80311,-0.14829
-2.29051,-1.74563
-1.21091,-0.60926
0.61560,-0.59747
-0.10473,-0.13650
-0.78851,0.49752
0.85747,0.00558
-0.18881,-0.22756
1.37651,-0.03658
-0.10219,-0.67008
-0.05113,0.13112
-1.20577,-1.20906
0.19911,0.62363
1.26680,0.97525
-0.35238,-0.07525
1.01547,0.63640
0.56401,-0.56081
0.00443,-0.01549
1.75090,-0.65670
-0.50456,0.14642
0.22069,0.16461
-1.93163,-1.73319
-1.03928,-0.35348
0.79371,0.23118
-0.33607,0.01465
0.93648,-0.77067
0.16575,0.03364
0.19217,0.46135
0.85247,-0.98187
-0.01816,-0.21707
0.60451,1.49105
0.36896,1.23058
-0.49259,0.11033
0.46023,0.70906
0.07630,0.23854
0.26022,0.54412
0.77307,0.28574
-0.25556,-0.04004
-0.11665,-0.27588
0.74753,0.41447
-0.68314,1.20490
-0.53849,0.69806
0.12525,-0.45197
-0.38324,0.16835
-1.95147,-2.09923
-0.11537,2.04678
-0.71860,-0.01468
0.33342,-0.60284
0.13453,-0.08760
-1.14429,-0.59522
0.23554,-1.30614
-0.61322,0.08300
-0.37462,-0.77718
0.64883,-0.89969
0.03395,0.00515
-0.89400,-0.67529
0.95254,-0.63472
0.67969,-0.14233
0.31103,0.64090
-0.00337,-0.01449
1.35306,0.70261
0.06922,-0.58233
-1.05229,-0.67994
0.14917,-0.45495
-0.21398,-0.48656
-0.18125,0.61853
0.11592,0.23895
-0.01536,0.03083
-0.21241,-0.61995
1.45089,-0.28046
0.45700,-0.42415
0.45727,-0.33734
-0.28270,-0.11490
0.68097,-0.20659
-0.39516,-0.30675
-0.87116,0.20118
-0.74614,0.23536
1.59113,0.85814
0.18817,-0.04568
-0.42739,-0.30440
1.89740,0.26863
-0.34585,0.51622
0.37143,0.42186
-0.84448,1.54367
0.42254,-0.37705
-0.83336,0.80681
-0.10779,-0.10639
0.25868,0.24981
-0.59618,-0.17654
0.75930,-0.44154
-0.56405,-0.41257
0.52178,-0.06395
-0.07153,0.14023
-0.59031,-0.29217
0.39403,0.08095
-0.74565,-0.47601
-0.72983,0.98202
-1.30481,2.73654
-0.18728,0.29940
-0.02406,0.28910
0.08326,-0.29072
-0.15023,0.01863
0.09710,-0.02945
0.12094,-0.19522
-0.27002,0.88328
-0.09657,0.31541
0.56820,0.41529
0.54778,-0.59763
0.69960,0.57353
-2.07119,0.18324
-0.09009,0.25243
-0.02063,0.14733
-1.59806,-0.76213
-0.48730,0.91844
0.32511,0.03302
-0.14497,-0.07982
0.31735,-0.14017
-0.43407,-0.17090
-0.36534,0.50561
-0.51331,0.02036
0.13418,-1.73496
-0.85658,0.69553
-0.03584,-0.50572
1.35023,-0.06854
-0.18326,1.48407
-0.15269,0.03240
-0.35227,-2.47748
0.02250,0.06502
-0.06549,0.32801
1.14803,-0.67568
0.27580,0.85016
-0.97298,1.41768
-0.10428,-0.02830
-0.29294,-0.23919
0.49126,0.44356
0.06128,0.20236
-0.32826,-0.55141
-0.23877,0.67323
0.09176,0.27796
-0.40689,-0.07887
-0.01792,0.05812
0.32746,0.44332
-0.16187,0.01233
-0.58416,-0.05962
-0.17542,-0.46091
-0.10346,-1.12995
0.71067,-0.57657
0.86801,0.34983
0.18798,-0.26466
0.40174,-0.62465
0.79319,0.95137
1.23433,-0.35197
-0.20265,-0.83986
0.92087,-0.07471
-0.95453,0.93277
0.21144,-0.11892
-1.45708,-1.07999
0.33852,-0.59643
-1.28969,-0.33478
-0.96326,1.19463
-1.58221,-0.16670
1.40336,-1.22122
-0.05036,0.53784
-0.00895,0.17245
0.91164,0.34981
0.00069,-0.43131
-1.06263,0.55888
-0.30314,-1.11140
-0.10784,-0.32310
0.40254,0.71258
0.19177,0.29121
1.06891,1.53170
-0.24644,0.05425
0.50620,-0.92583
-0.38909,0.09240
1.43296,0.21142
0.20049,-0.06350
0.59317,-1.40314
-0.39091,0.05314
1.10406,1.33886
0.14424,-0.02031
-0.04633,0.14521
-0.25749,-1.17677
0.50076,-0.21948
0.12307,1.00306
-0.01793,-0.32050
-1.49914,-2.12096
-0.11054,-0.40826
1.13529,-0.21018
-0.82473,0.35758
-0.20781,0.47250
-1.20108,-0.32398
-0.33826,0.17728
1.73051,-1.13907
0.23756,0.06743
-0.64883,-1.61077
0.77819,0.61623
-1.32755,-0.05118
-0.04442,0.03197
1.45988,0.94647
0.54789,1.42351
-0.06633,0.11386
-0.24183,0.79108
1.91398,-2.66751
-0.64439,0.33592
0.75467,-0.89340
-0.36577,-0.42824
0.37058,-0.30564
-0.53667,-1.03706
1.32331,0.14350
0.95572,1.86908
0.31089,0.90896
0.02724,-0.11372
-0.20856,-0.06978
0.57285,-0.53040
0.75314,0.43226
0.03228,-0.02507
0.70367,-0.43961
-0.07870,0.06360
-0.00316,0.79870
2.94857,1.06922
-0.49284,0.05752
-0.07717,-0.06656
0.25536,-0.00650
-1.17174,-0.57552
-0.56243,0.51989
0.30822,-0.72644
-0.21928,0.30415
-0.67828,0.88996
-0.37808,0.78566
-1.03619,-0.10491
0.27307,-0.42751
-1.51154,-0.06727
0.01442,-0.02324
-0.76512,0.73082
0.19947,-0.64734
0.70835,0.45887
1.20614,-0.16335
0.29757,0.41728
0.29772,-0.03338
0.35525,0.40215
0.03555,-0.45547
0.18657,-0.05932
-0.02731,-0.09541
0.00393,0.03237
0.00039,0.04591
2.20109,0.26749
-0.33670,2.00775
-0.43720,0.30727
0.86979,-0.90885
-1.12355,0.69596
-0.48091,-1.31404
0.29657,0.44169
0.63060,0.26976
0.17979,-0.43472
0.34310,0.19858
0.96011,1.35798
0.11220,0.64696
-0.19983,-1.48460
0.30230,-0.06973
0.55699,1.01093
-0.87632,-1.74410
-0.00222,-0.00125
0.26393,-0.05588
-0.03360,1.21573
1.00255,-0.22907
-0.93564,-1.02703
-1.48449,0.08665
-0.37944,-0.15899
-0.68682,0.45396
0.13824,-0.43386
0.99458,-0.06568
3.20787,1.59183
-0.73128,0.80472
-0.02024,0.79136
0.11465,0.04032
-0.29302,-0.14825
-0.46855,-0.47291
-1.00193,0.64502
-0.43186,0.43377
-0.36138,-0.34307
-0.74658,0.13775
0.14358,-0.12716
1.33311,0.46256
-0.32668,0.24105
-0.04013,-0.75101
1.63301,1.87085
-1.15737,-0.25798
-1.03913,-1.19555
0.07880,-0.28564
-0.27557,-1.29778
-1.95257,0.91808
0.73098,1.54508
-0.77199,0.68176
-0.44267,-1.57174
-0.74653,0.72609
0.82773,-0.91366
0.38003,0.80110
-0.92824,-0.84865
-0.09152,0.47481
-0.01612,0.81091
-0.24863,-0.39765
-0.06044,-0.18380
1.12503,-0.62737
-0.26716,-0.05058
0.56532,-0.19244
1.01472,0.44181
0.08055,-0.40270
0.63659,0.58904
-0.13264,-0.08056
-0.34658,-2.22578
2.29218,-1.15352
-0.46255,-0.30574
2.76055,0.98706
-0.78329,0.40300
-0.23330,0.20133
0.05018,0.25987
-0.51778,-0.39311
0.08303,-0.18264
0.66777,-0.03758
-0.29004,1.47724
-0.29218,-1.02345
-0.57419,0.92664
0.93040,1.87504
0.13690,0.39701
0.19195,0.10597
-0.78024,0.50200
0.13112,0.31408
-0.01228,0.26041
-0.77118,-0.35912
0.15454,-0.06987
-1.84524,1.06613
0.30609,-0.55755
0.20359,-0.16121
-0.71190,-0.72385
0.55362,-2.26416
-0.11041,-0.09150
0.38984,-0.16287
-1.35370,-0.90805
0.85163,1.08410
-0.12579,-0.21073
0.54024,0.54395
-0.92871,0.27415
-0.10032,-0.51789
0.46181,-0.67423
-0.04321,-0.19971
0.06167,-0.28848
-0.62174,0.45734
-0.34980,-1.06093
-0.45639,0.04469
0.06939,0.15388
-0.69657,-0.21094
0.86934,-0.83477
-0.28354,-0.25000
-1.32112,-0.14064
0.08598,0.00920
0.65775,-1.23762
-0.13925,0.07617
-0.13372,0.82447
0.33966,-0.06792
-0.37686,0.29424
0.72243,-0.57227
0.90987,-1.61887
0.50844,1.77173
-0.09760,0.00972
0.31561,1.02743
0.06009,0.49739
0.11522,-0.00738
0.78534,-0.42599
-0.77799,-1.02078
-0.12441,0.31403
-0.52375,0.36014
0.15071,-0.60960
-0.11953,0.02646
1.43095,-0.66699
2.38297,0.57833
-0.30821,-0.10671
0.00744,-0.00058
-0.01065,-0.32691
0.21479,-1.09039
-0.10004,-0.68380
0.63636,0.12094
1.22211,-0.05016
-0.18043,-0.34664
0.31309,0.88787
0.18391,-0.21194
-0.76507,-0.02066
0.34181,-0.01783
0.93627,-0.55590
1.24018,0.83369
-0.00288,0.30668
-0.28827,-0.25496
0.10753,0.25027
0.02606,-1.85481
1.35507,0.30165
0.53911,1.11199
0.25084,0.30451
-0.02887,0.13694
0.29804,-1.99957
0.76157,0.24773
-0.09279,-0.11738
0.17471,0.18422
-0.27773,-0.08895
-0.90248,1.33472
-0.43968,1.30986
1.08024,-1.38493
0.40910,-0.47103
-1.21724,-1.43821
-0.58459,-0.06864
-0.54837,1.10427
-0.10122,-0.83402
-1.45151,-0.51202
0.07935,0.06295
-0.51926,-0.65301
0.35340,-0.46656
-0.07908,0.05783
-0.70285,0.49582
-0.39947,-0.57431
0.15342,-0.21999
-1.65200,-0.47109
-0.12319,0.21125
0.07663,-0.23668
1.25542,0.02906
-0.19674,-0.12636
-0.11442,0.19046
1.72100,1.97271
-1.50198,-0.64543
-0.00099,0.00393
-0.45458,-0.17193
-1.38244,1.55130
1.04046,-0.30140
-0.00097,-0.00004
1.55007,0.07189
0.13643,0.09135
0.26613,-0.12622
-0.14510,1.35615
-0.06645,-0.06338
0.05169,0.15908
0.87209,0.26562
0.38052,-0.32120
-0.18522,-0.05144
-0.51923,-0.04900
-0.60213,-0.40406
-0.47499,1.29083
-0.70379,-0.63579
-0.80051,-0.54714
0.06502,0.17028
-0.14908,-0.02328
-0.96752,0.10479
0.58385,0.00716
-0.10206,0.58474
0.17122,1.48557
0.09365,0.75321
0.04298,-0.04662
0.33922,-0.32267
-1.09783,0.62338
1.15085,0.76436
-0.07905,0.51565
-0.15627,-0.07334
-0.27558,-0.38866
0.09771,0.51325
1.19727,-0.43117
0.53603,-0.50652
0.87083,0.14063
0.31255,-0.07911
0.24002,-0.04922
-1.57831,0.63041
0.64053,1.27564
-0.68197,-0.33563
-0.51356,-0.05089
0.74586,0.38264
0.73045,-1.10886
0.03608,-0.10796
0.44910,-0.93995
-0.01871,0.41416
0.70459,-0.78909
-0.45309,0.25561
0.36863,-0.14793
-0.42764,0.09032
-0.45161,0.99203
-0.67232,0.31879
0.37361,-0.82158
-0.28100,-0.02881
-0.02458,0.15508
-0.50426,-0.49525
2.02412,-0.00226
0.50162,0.85825
-0.42294,-0.20956
0.07286,0.32130
0.23632,-0.87641
0.02148,0.05639
-1.17957,0.36665
-0.94889,0.09318
0.68283,0.39112
0.30152,0.13455
0.32838,0.61313
-0.43278,0.04715
-0.57415,0.87734
1.00859,0.37867
0.19238,1.07038
0.44057,0.22570
-0.16205,-0.37727
0.29253,-0.12376
-0.52513,-0.41192
-0.07388,-0.94608
-0.68016,-0.47724
-0.30551,0.11888
0.04597,0.09124
-0.07000,-0.00600
0.27427,-0.43766
-0.06967,0.09412
-0.97839,0.62916
0.18442,0.00111
0.12753,0.14935
-0.57607,-1.64005
-0.48995,-0.26499
1.08933,0.74895
0.56465,0.67288
0.16809,-0.36830
-1.06286,0.78225
1.27043,-0.04956
-0.00193,-0.01885
1.37509,-0.51985
0.03556,0.44323
-1.32238,1.30644
0.09444,0.31521
-0.36237,-0.63389
0.01408,0.03050
-0.56425,0.39511
0.40910,0.37286
0.22476,0.36876
-1.21981,-0.25546
0.64611,-1.32175
-0.10943,0.62538
1.22181,-0.10770
0.16998,-1.24028
0.39281,-0.65035
-0.08675,0.06082
0.00003,-0.00212
0.84237,-1.05899
-0.14312,1.37531
-0.51166,-0.19785
-0.45794,0.25755
-0.29209,0.16785
-0.54883,-0.00010
0.75518,0.92936
-0.24168,0.28076
-0.07488,-0.00761
-0.00473,0.02367
-0.10935,0.11909
-0.07090,0.32451
0.36516,0.90554
-0.12295,-0.52539
-0.17350,-0.32563
-0.14305,-0.03100
0.30231,-0.56694
0.88983,-0.33021
-0.76200,0.92437
-0.25481,1.02846
1.58218,-0.77565
0.14437,-0.16878
-0.00873,-0.01650
-0.02313,0.01736
0.17291,0.22590
-0.13798,0.06106
-0.84043,-0.07628
-0.20940,-0.52939
0.05596,0.06888
0.64415,-0.01668
-1.74213,0.71406
0.09598,0.07473
0.05350,-0.06143
-0.03351,-1.18011
0.93296,-0.67356
-0.01223,-0.00692
-0.40029,0.35239
-0.21782,-0.69093
0.16208,0.26858
0.45015,0.04074
0.12341,-0.11871
0.07304,-0.09132
0.03836,-0.00012
-0.66166,1.06806
-0.79591,-0.15990
-0.19852,-0.21571
-0.00302,-0.26608
-0.87479,-0.71464
-0.57547,-1.36918
0.22853,0.16114
-0.45663,-0.07430
0.80458,-0.57128
0.07513,-0.21541
-0.72811,-0.85107
-0.01115,0.16610
0.50775,-1.00505
0.07539,0.32064
-0.30125,0.22608
-0.15519,-0.15664
-0.02751,-0.27690
-0.16675,1.54409
-1.22505,0.37319
-0.00885,-0.34291
0.14853,-0.75482
-0.34062,-0.21647
-0.36804,-0.14076
0.03048,-0.02762
0.00289,0.08032
0.10245,-0.24379
-0.55650,-0.35156
-0.50783,-0.41408
0.63001,0.34189
-0.96354,0.13460
-0.00560,1.66115
0.91710,-0.84854
0.07850,-0.87250
0.01299,0.01281
-0.24400,-0.09404
0.06806,-0.31283
-0.11893,-1.43467
0.08752,0.03353
0.28554,-0.77333
-0.62780,-0.67877
-0.83789,-0.77155
-0.45417,0.93913
-0.09386,-0.00054
-0.36099,-1.71860
0.03817,-0.03705
0.10464,0.02105
0.11935,0.43503
-0.49517,-1.44873
0.03749,-0.52350
0.16668,0.02230
0.15422,0.26502
-0.20889,-0.37835
-0.16227,0.01688
-0.09486,0.22056
-0.17424,0.13104
-0.00443,0.04877
-0.42965,-0.43661
-0.01516,0.68165
0.18315,0.90063
0.19362,-0.08565
0.42556,-2.20352
0.00077,-0.00069
0.00279,0.29597
1.11961,1.22601
-0.11023,0.06111
0.05578,0.08380
-0.78255,-0.79734
0.14507,-0.19724
-0.23240,0.10101
0.02964,-0.07013
0.17478,-0.07279
0.05003,-1.30652
-1.33152,1.77042
0.00026,0.01121
-0.53422,0.21417
-0.06310,-1.28163
0.05140,0.83251
0.01201,0.13698
-0.01261,-0.04296
0.45362,-1.16391
-1.19472,0.22391
-0.11280,-0.18009
0.90517,0.77756
-1.34813,0.36428
-0.22839,0.48735
0.73126,0.00210
-0.67083,-0.69232
0.74190,2.16834
-0.15004,0.77810
-0.56821,0.61774
0.12701,0.66049
-0.02137,-0.22676
1.44426,0.27033
0.40294,-0.30421
1.46438,0.73772
-0.13706,-0.00400
-0.25481,0.18599
-0.83431,0.35977
-1.30454,0.56553
0.60246,-0.21882
-0.17635,-0.00795
0.11377,0.38504
-0.10104,-0.18659
-0.82675,1.42945
-0.45234,0.22029
-0.37799,-1.43250
-0.07239,0.18754
0.49845,-0.16494
0.31093,-0.18537
0.06079,-0.15768
-0.18189,0.31323
0.94550,-0.81652
2.50935,-0.75772
0.08863,0.40286
0.34347,0.27157
-0.08214,-0.09629
-0.18337,-0.34110
-0.18115,0.19658
-1.76102,-1.33177
-0.81589,-0.02538
-0.09709,0.54708
-1.43552,0.25364
-0.48505,0.31054
-0.99289,-0.90708
0.28790,0.23447
0.08748,0.04935
-0.28399,1.46921
-0.35788,-0.50382
1.60958,-2.12656
-0.24545,-0.04282
-0.23246,0.28277
-0.54443,0.25736
0.47569,-0.76864
-0.34964,-0.28551
0.74366,0.23614
0.16251,-0.52854
-0.14741,0.67270
-0.01676,0.11804
-0.97576,0.47255
0.00367,0.01911
1.39271,0.82207
0.32241,0.49766
0.26822,-0.88772
-0.39126,-0.24946
-0.03610,-0.08582
0.31773,-0.34634
-0.12168,-0.56436
-0.22597,-0.44870
-0.10267,0.42297
0.88007,0.70658
0.67298,-0.20613
-0.41776,1.48846
0.27901,-0.35724
0.01185,-0.01040
-1.68364,0.87681
-0.01475,-0.33599
0.29924,0.03531
-0.09371,-0.46120
0.26341,0.05575
0.07477,-1.20253
0.50180,2.62370
-1.29388,1.65561
-0.69395,-0.11943
2.33516,0.38175
-1.20088,0.46147
-0.01913,-0.45251
1.47074,0.95153
0.77266,-0.92709
-0.03103,1.00579
0.41780,0.99659
-0.03775,0.11697
0.62628,0.06732
0.09890,0.23207
-0.06052,-0.06831
-0.23982,0.02151
0.35103,-0.49752
-0.15323,0.44617
-0.02918,0.04900
-0.29626,-0.27328
-0.11003,0.67765
0.24824,-0.58288
-0.23622,-0.05097
-0.36981,-0.44110
-0.13041,-1.16239
0.14178,-0.12841
0.85923,-0.20944
-0.83534,1.07753
0.03279,-0.03043
-0.71750,0.31351
-0.00015,0.00284
0.58564,0.29096
-0.34025,0.13780
-0.67179,-0.84057
-0.73512,-1.37305
0.05027,-0.11170
0.02011,0.01927
-0.00993,-0.18942
0.00990,0.86626
-1.89746,0.37565
1.01840,-1.09506
-0.93064,0.02784
0.27999,1.77422
0.01697,-0.52158
0.08637,-0.12809
0.24767,-0.26439
-0.10855,0.25714
-0.16060,0.48149
0.19222,0.71871
-0.89276,0.03989
-0.74027,-0.91889
-0.10906,-0.18855
-1.28883,-1.82877
-0.19700,0.25344
0.18963,-1.20462
-0.18104,-0.18941
0.01322,0.04795
0.14837,0.16569
-1.62896,1.07414
-1.29062,0.17123
0.44752,-0.34397
-0.37517,0.26007
-0.18169,-0.41620
0.73881,-0.92220
-0.15845,0.19702
-0.14814,0.06537
-0.12412,-0.08511
0.06547,0.03817
1.01010,-0.84132
-0.23108,1.18253
-0.01213,0.02298
-0.09205,-0.10818
-0.04422,-0.26366
0.76104,0.64762
-0.38820,0.08457
0.66722,-0.68813
-2.15475,-0.43198
-2.03054,0.44958
0.39772,-0.20047
0.74731,0.20672
1.70197,0.63278
0.55093,0.40971
-0.19742,0.42865
1.15033,-0.32226
0.06167,-0.45896
0.57318,-0.70573
0.18619,-0.02608
-1.23082,-0.06199
-0.85455,-0.16514
0.51512,-0.53681
-0.49709,-1.82059
2.06164,1.11263
2.14320,1.31714
0.03405,-0.22777
-0.44877,0.10677
-0.02028,0.01301
-1.89062,0.00573
1.07765,-0.84570
0.60374,-1.88349
1.01548,-0.64628
-0.72685,0.60211
0.40422,-0.01094
-0.07261,-0.36365
-0.03354,-1.78470
0.19259,0.53624
-0.13445,0.08131
-1.03284,0.36843
0.42060,0.08302
-0.12244,-0.10574
-0.09641,0.13769
0.27298,0.15427
0.10335,-0.06047
1.51164,0.46513
-0.04998,-0.27492
0.21026,0.21437
0.94792,-0.38657
-0.84984,-0.24573
-0.18847,-0.62659
-0.05795,-0.01587
0.05329,0.90510
0.50256,-0.65769
-0.02005,-0.06146
0.00793,0.04501
-0.71756,0.05287
0.32656,0.43608
-0.28735,0.40603
1.21566,0.66658
-0.72032,-1.78838
-0.45484,0.08448
-0.60719,0.03535
-1.75843,1.49564
-0.14776,0.19333
0.16092,0.48914
-0.04141,0.31894
-0.98091,-1.09624
-0.59521,0.14901
-0.83766,1.19281
0.22770,0.43656
0.42376,0.50101
-0.89518,0.25490
-0.04035,0.59316
-2.00587,-0.18865
0.32088,0.08113
-0.28066,-0.04427
0.99645,0.63952
-0.48381,-0.33310
-1.50408,-0.21646
0.17692,0.08987
0.01851,0.12282
0.12558,0.32759
0.10237,0.06783
0.04194,-0.41946
0.34784,-0.64256
-0.04827,-0.03076
0.96307,1.08260
0.92969,0.63174
0.16139,-1.11791
-0.41362,0.15258
0.02068,0.06868
-1.99698,0.38548
-0.61489,-1.09389
0.16473,1.42108
0.39735,-0.11351
-0.64047,-1.25502
0.00089,0.00476
0.01447,0.11332
1.56671,-1.33450
0.33596,0.43999
-0.01052,0.04898
0.64869,-0.62940
0.10330,0.76333
-0.81028,0.20020
0.00306,-0.01084
0.23290,-1.02235
-1.52431,-0.99039
-0.54094,0.22320
-0.07016,0.02503
-0.34869,-0.13534
1.22781,-1.28813
-0.25736,1.91970
0.05999,0.00331
0.66797,0.87485
0.12832,-0.10020
-0.13683,0.16181
0.55470,-1.46235
-0.13000,0.31850
-1.91476,1.07527
1.58716,-0.25917
-0.79630,-0.83527
1.07126,-0.11754
0.55347,-0.01429
0.73249,0.52945
-0.37773,0.28891
-0.90539,-1.24054
0.07176,0.89358
0.23781,0.66872
-0.09388,-0.73215
-0.02794,0.73201
-1.41248,1.42249
-0.89146,-0.28925
-0.39477,0.04212
-1.65813,-0.38089
-0.52068,-0.29135
0.75934,0.51713
-0.06787,-0.45876
-0.02963,1.31299
-0.03643,0.11783
0.62817,-0.26684
0.85430,0.54342
0.66388,-0.29086
-1.47132,1.68384
0.60124,0.00783
-0.91140,-0.48311
0.22123,-0.71665
-0.39663,-0.14611
0.00153,-0.31975
1.05148,-1.77386
-0.00502,-0.49010
-0.05950,0.22340
-1.13547,-0.01282
-0.76497,-0.32642
-0.89580,0.15840
0.02296,-0.09574
0.97578,-0.65793
0.02010,-0.68120
0.21256,0.07780
-0.16509,-0.02802
0.68880,-0.28917
-1.05338,-1.53794
0.31509,0.29775
0.44286,0.13614
0.21770,0.34118
0.17699,-0.74100
-0.18565,0.15443
-0.07574,1.90112
0.94216,-0.20876
-0.14310,-0.18139
0.81865,-0.51168
-2.51493,1.23474
0.63844,0.21931
0.25262,-0.21870
-0.00190,-0.00758
-0.33478,0.30252
-1.40530,1.09383
-0.22038,0.54776
0.18898,1.32794
0.44564,-0.51270
0.65941,-1.54354
0.13146,-0.67584
-1.82692,-2.08294
-0.45877,-1.02479
-0.21861,-0.32597
1.87336,-0.75172
-0.05059,0.00282
0.90474,0.29927
0.06649,-0.08574
-0.01939,0.01411
0.76155,0.36013
-0.75945,-1.07762
-0.95498,-1.28038
-1.09942,0.16762
1.36539,-0.41162
0.17027,-0.45919
-0.13077,0.68197
1.48410,0.10622
0.38845,-0.42788
0.11950,-0.29189
-0.02740,-0.06242
0.13762,0.73250
-0.17162,1.20525
0.07934,0.01595
0.12755,-0.71340
0.21292,-1.13125
1.30031,0.02230
0.12809,0.65651
0.01604,-0.01738
0.19198,-0.36596
-0.15251,0.53178
-0.50067,-0.63611
1.68949,0.22186
0.01109,-0.00646
-0.14867,0.72297
-1.32597,0.70294
-0.86448,0.87539
-0.65489,1.16842
1.21109,-0.77492
-1.98513,-0.66787
0.15491,0.02311
-1.20238,-0.89887
0.06285,-1.27349
-1.53521,0.21804
0.06475,-0.18907
0.43333,1.84039
0.28281,-0.21377
0.05777,-0.76395
0.81637,-1.31272
-0.17292,1.46976
0.06902,0.76102
0.05663,-0.00835
-0.18006,0.87136
-0.11814,-0.25004
-1.50479,-0.48077
-0.06239,0.31184
0.20906,0.51741
-0.20376,0.08848
-0.29380,0.95672
0.98327,0.29225
0.20356,-0.27235
-1.81637,1.69613
-0.33196,-1.74261
0.01920,-0.13304
-0.05936,0.26128
-0.63099,0.69813
-1.52233,-0.55618
0.47286,-2.93196
1.35769,-1.48877
-0.07738,-0.58776
-0.33346,-0.56950
0.32743,0.01160
-0.37067,0.11626
-0.55572,-0.81414
0.77189,1.37801
-0.00426,0.13635
1.71984,-0.31914
0.11885,0.71829
0.17668,0.10921
-0.93727,0.80667
-0.30676,-0.21186
0.30049,0.93025
-0.54177,0.02793
-0.64553,-0.53901
0.50651,1.12088
-0.07172,1.52381
-0.25024,-2.05821
0.45102,0.06073
-0.11687,-0.19838
-0.10409,-0.69411
-0.70288,0.08438
-0.86356,0.72732
0.61675,0.80084
-0.09198,0.03986
-0.04162,-0.15201
-0.40480,0.60328
-0.00648,0.14106
0.00581,0.02297
1.29968,0.53513
1.32000,-1.68842
-0.13347,0.31244
-0.18614,-0.05264
0.22037,-1.15180
-0.27690,0.31124
-1.20214,1.14902
-0.06058,0.35645
-0.57763,0.19219
-0.21634,0.16490
-1.10319,-0.04484
-0.32469,-0.37798
-1.40743,-0.33341
1.13350,-0.17461
-0.69272,-0.48910
1.19748,-0.13619
-0.83307,0.19483
0.07261,-0.09534
0.24394,1.20473
0.67389,0.06341
0.00390,0.04999
0.27862,0.27713
0.21525,0.94937
-0.63358,-0.32953
-0.16464,0.19796
-0.21014,-0.34706
1.00663,0.74477
1.85832,-0.86709
-1.16330,0.19574
1.48510,-0.17664
-0.70348,-0.67394
-0.32685,-0.51591
-1.54570,-1.14601
-0.76331,0.81367
-1.60021,0.61465
0.84904,-0.31577
-0.11009,1.49607
-1.09998,0.04179
-0.08848,-0.17228
-0.77464,-0.09443
-0.01859,0.15931
0.07329,0.41825
-0.48618,-0.87738
-0.56855,-1.30323
-0.06152,-0.45904
0.10960,0.11412
0.49966,-0.53458
-0.01936,0.67365
0.87841,1.25218
0.45839,0.66068
0.04153,0.29833
-0.57743,2.42250
-0.38225,0.50767
-0.19077,0.84294
0.16322,-0.02976
0.26703,1.19666
-0.91488,-0.09170
-0.82208,1.88656
0.13963,0.00563
-0.02244,-0.99758
-0.51442,0.55137
-0.05573,-0.04384
1.29358,0.96899
-0.57862,0.97479
-0.66578,-0.00854
-0.25999,-0.09280
-0.32908,0.80034
1.27769,-1.12563
-0.82092,-0.37437
-0.04960,-0.11815
0.27890,-0.23830
-0.63351,0.05807
-2.31999,-1.05989
0.49360,-0.35313
-0.09390,0.16048
-0.39688,0.63238
0.33688,0.32679
1.20163,0.21006
-0.03151,0.10566
0.46981,0.49335
0.02459,-0.03871
-0.95836,-0.25928
0.18035,0.70927
0.21128,-0.09539
-0.08328,1.24561
-0.85156,-0.10537
-0.06287,-0.60203
0.06909,0.10429
0.19177,0.05365
0.33682,-0.76327
-0.82846,1.53053
0.40879,0.25781
-1.14961,-0.08007
-0.23032,-0.47609
-0.16238,-0.14841
0.03439,-0.08739
0.44390,-0.79024
1.60128,1.10434
-0.35575,-0.85117
-1.13115,-0.14241
-0.40458,-0.70636
0.15643,-0.10103
-0.25549,0.40068
-0.73702,-0.10531
-0.32276,0.97377
-1.00575,0.08379
0.03123,0.06519
-1.13420,-0.68474
-0.17280,-0.12325
-1.27458,-0.76103
0.72528,0.31927
-0.00695,-0.00028
-1.44814,0.26591
0.68803,0.85731
0.29224,0.99122
0.19773,0.00489
0.54903,0.54570
0.09686,-0.24285
0.30386,-0.31432
0.58899,0.37434
-1.01319,0.38019
-0.20339,-0.41344
0.67263,0.07901
0.46226,0.14318
-1.51654,1.21140
-0.98127,-0.63768
0.53784,0.47427
0.87420,0.10743
-0.75539,-0.45664
-0.83272,-0.45562
-0.74975,-0.07054
1.98209,0.65541
-1.33436,-0.76910
-0.20985,0.04735
0.36161,-0.02046
-0.20334,-0.00448
-0.17785,-0.08261
-0.23680,-0.15949
-1.75853,0.45922
-0.66073,-1.51952
0.31870,0.13012
-0.05235,0.54722
0.01023,0.22050
0.98588,-1.67426
-0.30796,0.26186
0.04222,0.81180
-0.00004,-0.00013
-0.00111,-0.21868
-1.48060,0.86423
0.46725,0.45143
-0.08590,-0.00528
-0.14671,0.55733
0.05355,0.51544
-0.18471,-0.18579
0.19487,-0.62695
-0.12156,0.09159
0.30368,1.69480
-1.34852,0.85832
1.13046,-0.08550
0.06661,0.15431
1.15801,-0.52676
-0.86256,-1.28076
-1.29227,-0.21537
-0.00078,-0.00102
0.58756,0.01118
-0.49948,0.13476
-0.10081,0.15837
-0.04018,-0.06122
0.08888,-0.12228
0.26065,0.19309
-0.09723,0.91264
0.03307,1.03974
-0.39388,-0.11446
0.84425,0.03402
0.20961,-1.36616
1.07902,0.31672
0.34311,-0.03861
1.28335,1.24981
-0.37414,-0.16187
-1.57607,-2.67892
-0.64677,0.18515
0.07742,-1.01639
0.19097,0.27409
0.60191,-1.16381
-0.07522,0.00499
-0.02295,0.23054
-0.84564,-0.30942
-0.00719,-0.07417
-0.20963,-0.15810
-0.79077,-1.28402
1.29313,0.82992
0.00396,-0.41437
0.81390,-0.18325
-0.16452,0.00026
0.23482,0.62614
0.42887,-0.76677
-0.97200,0.48347
-0.17080,-0.43471
0.93733,-1.14686
0.52392,-0.26087
0.10029,-1.00912
-0.02554,-0.06952
0.26660,0.36367
-1.85580,-0.17806
-0.45007,-0.01199
-0.36997,-0.88879
-0.09133,-2.02738
-1.38032,0.40327
-0.41136,-0.72976
0.11767,0.77548
-1.16955,-1.67662
1.43448,-0.08031
0.05584,1.08538
0.02802,0.22028
-0.26654,0.47184
1.83628,1.42558
-0.16891,0.09865
-0.57858,-0.32114
0.01456,-0.07556
-1.49863,-0.93672
-0.22661,0.03871
-1.42680,-0.18914
-0.58411,-1.61424
0.25376,0.35116
-0.10577,-0.09044
-1.67921,-0.78280
-0.32746,0.17293
0.41045,-1.08747
-0.38944,-0.17928
1.75663,1.02636
0.03089,0.03513
1.13770,0.34380
-0.00868,0.00337
0.59204,1.02391
-0.73933,0.57392
0.09903,0.29953
0.04029,-0.07142
-0.08327,-0.54975
0.12836,0.20053
-0.12107,-0.20220
-1.12734,0.07482
-0.07302,-0.10942
0.20281,0.69614
0.63061,-0.08475
0.48374,-0.36662
-1.34959,0.18067
0.18615,-0.50680
0.10490,0.21866
-0.38789,-0.17249
-0.89610,-0.11090
0.86242,0.57457
-1.04680,-0.46833
0.66360,-1.47734
0.07107,0.12287
0.82038,-0.57746
0.15497,-0.51723
-0.11915,-0.18747
0.85467,1.04683
-0.98336,1.78810
0.57744,-0.35835
0.01951,-0.02373
0.13733,0.16482
1.19793,-0.07240
0.34381,0.04092
-0.90212,-0.55086
-0.55382,-0.04822
0.49065,-0.14590
-0.03431,-0.08268
0.35075,0.40307
-0.54803,0.59348
1.42856,-0.72161
-0.11057,0.96576
-0.32090,-0.24254
0.30794,0.95281
-0.26924,0.75550
0.66349,0.13294
0.02331,-0.03518
1.61106,-1.37252
0.85248,-0.55326
0.04629,0.17847
-0.48311,0.45880
0.45795,-0.25551
-0.36517,0.24395
0.89786,0.23973
0.03275,0.03915
0.69138,-0.27712
0.45064,-0.24715
1.49450,-1.62990
-1.12519,0.75600
1.61562,-0.07979
-0.32542,0.33647
0.11245,1.51687
0.35338,0.14442
-2.32527,1.02832
-0.49905,-0.20133
-0.25620,-0.08983
-0.32211,-0.96019
-0.04450,0.31221
0.15398,-0.00811
0.01567,0.14011
0.57015,-2.33980
-0.23136,0.41103
-0.40936,1.78116
-2.02692,-1.51179
0.11757,-0.72222
-0.02682,-0.45122
0.00657,-0.01379
0.00472,-0.00906
0.20825,0.03589
-0.14027,-0.22960
0.83163,0.31706
-0.03190,-0.47142
0.67897,1.03311
0.13157,0.41855
0.45753,-0.27028
-0.26518,0.73904
0.60058,-0.07130
0.18631,0.11823
0.20377,0.10857
0.79214,0.83176
0.04405,0.37004
0.41931,0.60010
-0.45249,0.23379
0.17942,0.01280
0.15870,-0.67075
0.03590,0.04853
-0.97569,2.11272
0.60049,0.40910
0.73903,-0.25206
-1.45827,0.82486
-0.92385,-2.27845
0.01088,0.01672
0.61278,0.39416
0.19434,-0.80230
-0.23523,0.88521
-0.05991,-0.58178
0.77343,-0.10093
-0.37669,0.03388
0.78669,0.62895
0.95382,-0.08007
-0.03461,0.00242
-0.08878,-0.16659
-0.01413,0.08341
0.15216,-0.49163
-1.24524,-0.18144
0.06370,0.42433
-0.04429,0.05707
-0.50428,-0.12913
0.49441,1.26781
-1.32370,-1.68120
-0.10419,-0.13938
0.17975,-0.13480
0.19341,0.25186
0.06694,0.09930
-0.55962,-0.45273
0.82641,1.21976
1.03255,-0.98314
0.51152,0.06194
0.48586,0.88218
0.20535,-0.07566
0.28159,-1.87345
0.16441,1.11761
1.38634,-1.20601
0.44288,0.23730
-0.74290,0.57331
0.89227,0.64691
-0.77222,-1.85628
-0.28064,-0.58368
-2.74806,0.21399
0.03920,-0.02085
0.70003,0.40604
